kepid,status,products_found,products_downloaded,failed_products
757450,success,35,35,0
892772,success,14,14,0
1025986,success,19,19,0
1026032,success,17,17,0
1026957,success,19,19,0
1027438,success,18,18,0
1161345,success,44,44,0
1161949,success,17,17,0
1164301,success,15,15,0
1293031,success,18,18,0
1293046,success,17,17,0
1293379,success,14,14,0
1297263,success,8,8,0
1429589,success,17,17,0
1430305,success,18,18,0
1431122,success,17,17,0
1432214,success,17,17,0
1432789,success,17,17,0
1433531,success,18,18,0
1433962,success,17,17,0
1433980,success,8,8,0
1434395,success,7,7,0
1571511,success,18,18,0
1572948,success,2,2,0
1575690,success,14,14,0
1575873,success,18,18,0
1717528,success,17,17,0
1717722,success,16,16,0
1718189,success,18,18,0
1718958,success,18,18,0
1721157,success,17,17,0
1722276,success,17,17,0
1723078,success,18,18,0
1724513,success,17,17,0
1724719,success,17,17,0
1725016,success,14,14,0
1725193,success,8,8,0
1725415,success,17,17,0
1849702,success,17,17,0
1865042,success,18,18,0
1865864,success,16,16,0
1868404,success,18,18,0
1870398,success,17,17,0
1871056,success,42,42,0
1871483,success,16,16,0
1872821,success,17,17,0
1873513,success,4,4,0
1995519,success,17,17,0
1995712,success,17,17,0
1995732,success,16,16,0
1996180,success,17,17,0
1996399,success,17,17,0
1996679,success,17,17,0
2010152,success,18,18,0
2010191,success,17,17,0
2010607,success,19,19,0
2012722,success,18,18,0
2013883,success,19,19,0
2014991,success,21,21,0
2015013,success,18,18,0
2019076,success,15,15,0
2019199,success,17,17,0
2019477,success,18,18,0
2021440,success,17,17,0
2140389,success,14,14,0
2141783,success,17,17,0
2142501,success,18,18,0
2142522,success,18,18,0
2157247,success,17,17,0
2158460,success,14,14,0
2161536,success,17,17,0
2161623,success,2,2,0
2161949,success,17,17,0
2162635,success,43,43,0
2162994,success,17,17,0
2163226,success,17,17,0
2164169,success,17,17,0
2165002,success,17,17,0
2165352,success,17,17,0
2166200,success,8,8,0
2166206,success,18,18,0
2167444,success,13,13,0
2167890,success,4,4,0
2283362,success,17,17,0
2284957,success,17,17,0
2299738,success,17,17,0
2301068,success,18,18,0
2302548,success,38,38,0
2302758,success,17,17,0
2302997,success,17,17,0
2303903,success,17,17,0
2304320,success,17,17,0
2305255,success,17,17,0
2305311,success,13,13,0
2305372,success,17,17,0
2305543,success,8,8,0
2305819,success,18,18,0
2305866,success,18,18,0
2306740,success,17,17,0
2306756,success,37,37,0
2307199,success,30,30,0
2307206,success,16,16,0
2307415,success,18,18,0
2308411,success,17,17,0
2308957,success,17,17,0
2309585,success,14,14,0
2309587,success,17,17,0
2309719,success,39,39,0
2309910,success,14,14,0
2310993,success,14,14,0
2422820,success,17,17,0
2436378,success,10,10,0
2437060,success,6,6,0
2437112,success,17,17,0
2437149,success,8,8,0
2437209,success,35,35,0
2437452,success,18,18,0
2437488,success,17,17,0
2437505,success,10,10,0
2437653,success,17,17,0
2437783,success,4,4,0
2437804,success,17,17,0
2437897,success,17,17,0
2438061,success,13,13,0
2438062,success,5,5,0
2438070,success,17,17,0
2438264,success,23,23,0
2438406,success,8,8,0
2438490,success,4,4,0
2438502,success,22,22,0
2438513,success,32,32,0
2438517,success,14,14,0
2439243,success,14,14,0
2440757,success,9,9,0
2441151,success,17,17,0
2441161,success,8,8,0
2441495,success,31,31,0
2441728,success,18,18,0
2442084,success,17,17,0
2442359,success,17,17,0
2442448,success,17,17,0
2443393,success,17,17,0
2444412,success,62,62,0
2445129,success,17,17,0
2445134,success,17,17,0
2445154,success,17,17,0
2445975,success,17,17,0
2446113,success,24,24,0
2446134,success,17,17,0
2446623,success,16,16,0
2449053,success,17,17,0
2449074,success,17,17,0
2449090,success,8,8,0
2449101,success,17,17,0
2449245,success,17,17,0
2449431,success,17,17,0
2450716,success,17,17,0
2452289,success,18,18,0
2452440,success,8,8,0
2452450,success,18,18,0
2554853,success,17,17,0
2555080,success,18,18,0
2556650,success,17,17,0
2557350,success,17,17,0
2557430,success,20,20,0
2557816,success,17,17,0
2558163,success,17,17,0
2558363,success,16,16,0
2558370,success,8,8,0
2568971,success,17,17,0
2569488,success,17,17,0
2569494,success,6,6,0
2569516,success,18,18,0
2569995,success,7,7,0
2570432,success,8,8,0
2570505,success,18,18,0
2570767,success,18,18,0
2570773,success,8,8,0
2571075,success,17,17,0
2571238,success,59,59,0
2572029,success,18,18,0
2573056,success,17,17,0
2573108,success,26,26,0
2574201,success,15,15,0
2574338,success,17,17,0
2574543,success,7,7,0
2576107,success,17,17,0
2576197,success,17,17,0
2576224,success,18,18,0
2576692,success,18,18,0
2576962,success,17,17,0
2577353,success,17,17,0
2578017,success,14,14,0
2578811,success,18,18,0
2579043,success,17,17,0
2580872,success,17,17,0
2581191,success,17,17,0
2581316,success,18,18,0
2581554,success,18,18,0
2582800,success,18,18,0
2583777,success,21,21,0
2584163,success,17,17,0
2692377,success,53,53,0
2693092,success,34,34,0
2693736,success,17,17,0
2694632,success,18,18,0
2695110,success,17,17,0
2696205,success,17,17,0
2696703,success,18,18,0
2697169,success,14,14,0
2697935,success,8,8,0
2707097,success,2,2,0
2707916,success,8,8,0
2707985,success,18,18,0
2708156,success,23,23,0
2708172,success,17,17,0
2708203,success,18,18,0
2708221,success,8,8,0
2708270,success,16,16,0
2708278,success,17,17,0
2708286,success,17,17,0
2708343,success,17,17,0
2708420,success,17,17,0
2708445,success,17,17,0
2708614,success,2,2,0
2708885,success,16,16,0
2710101,success,17,17,0
2710623,success,17,17,0
2711114,success,17,17,0
2711123,success,17,17,0
2711131,success,17,17,0
2711597,success,17,17,0
2712825,success,18,18,0
2713018,success,18,18,0
2713049,success,17,17,0
2715135,success,17,17,0
2715695,success,15,15,0
2716801,success,16,16,0
2716853,success,16,16,0
2716979,success,18,18,0
2717158,success,17,17,0
2718778,success,14,14,0
2719873,success,17,17,0
2720309,success,20,20,0
2720354,success,18,18,0
2720514,success,17,17,0
2720828,success,17,17,0
2721030,success,17,17,0
2830919,success,17,17,0
2831055,success,17,17,0
2831251,success,17,17,0
2832589,success,17,17,0
2833632,success,18,18,0
2834463,success,17,17,0
2834805,success,18,18,0
2836076,success,17,17,0
2837111,success,17,17,0
2849140,success,17,17,0
2849805,success,18,18,0
2850321,success,18,18,0
2851100,success,17,17,0
2852528,success,14,14,0
2852560,success,17,17,0
2852810,success,18,18,0
2852941,success,17,17,0
2853029,success,17,17,0
2853093,success,18,18,0
2853446,success,18,18,0
2853780,success,17,17,0
2853828,success,18,18,0
2853889,success,18,18,0
2854181,success,17,17,0
2854698,success,22,22,0
2854839,success,17,17,0
2854914,success,19,19,0
2854948,success,14,14,0
2856960,success,25,25,0
2857607,success,17,17,0
2859299,success,17,17,0
2859893,success,15,15,0
2860114,success,17,17,0
2860594,success,18,18,0
2860656,success,14,14,0
2860788,success,17,17,0
2860793,success,17,17,0
2860866,success,14,14,0
2861126,success,16,16,0
2861298,success,18,18,0
2969638,success,17,17,0
2970670,success,17,17,0
2970804,success,17,17,0
2972800,success,17,17,0
2973386,success,17,17,0
2973509,success,18,18,0
2975770,success,8,8,0
2976017,success,17,17,0
2984990,success,17,17,0
2985587,success,17,17,0
2985767,success,18,18,0
2986833,success,17,17,0
2987027,success,27,27,0
2987433,success,17,17,0
2989404,success,18,18,0
2989706,success,17,17,0
2990873,success,17,17,0
2992634,success,17,17,0
2994092,success,14,14,0
2995392,success,17,17,0
2997178,success,17,17,0
2997455,success,17,17,0
2997459,success,17,17,0
2998124,success,18,18,0
3001885,success,11,11,0
3001955,success,14,14,0
3002478,success,14,14,0
3003019,success,14,14,0
3003673,success,14,14,0
3003991,success,14,14,0
3003992,success,15,15,0
3097346,success,27,27,0
3097352,success,8,8,0
3097926,success,14,14,0
3098184,success,14,14,0
3098194,success,17,17,0
3098197,success,17,17,0
3098605,success,17,17,0
3098810,success,18,18,0
3098843,success,17,17,0
3101178,success,18,18,0
3101923,success,17,17,0
3102000,success,17,17,0
3102024,success,19,19,0
3102309,success,18,18,0
3102384,success,48,48,0
3103212,success,17,17,0
3103227,success,17,17,0
3103473,success,17,17,0
3109550,success,24,24,0
3109930,success,17,17,0
3109937,success,14,14,0
3110177,success,17,17,0
3110937,success,17,17,0
3112129,success,17,17,0
3113266,success,17,17,0
3114167,success,17,17,0
3114661,success,22,22,0
3114667,success,8,8,0
3114811,success,21,21,0
3115480,success,17,17,0
3115833,success,16,16,0
3116302,success,17,17,0
3116412,success,18,18,0
3117046,success,17,17,0
3117115,success,17,17,0
3118797,success,14,14,0
3119256,success,18,18,0
3120276,success,17,17,0
3120308,success,17,17,0
3120320,success,20,20,0
3120355,success,17,17,0
3120397,success,17,17,0
3120431,success,16,16,0
3120904,success,18,18,0
3121340,success,18,18,0
3122872,success,18,18,0
3122913,success,17,17,0
3122985,success,17,17,0
3123418,success,17,17,0
3124412,success,17,17,0
3124420,success,8,8,0
3124598,success,17,17,0
3127817,success,16,16,0
3127911,success,15,15,0
3128552,success,14,14,0
3128793,success,23,23,0
3129238,success,15,15,0
3130300,success,14,14,0
3130548,success,14,14,0
3217264,success,22,22,0
3218844,success,16,16,0
3218908,success,17,17,0
3219037,success,17,17,0
3219643,success,17,17,0
3219995,success,17,17,0
3222680,success,10,10,0
3223433,success,17,17,0
3228740,success,17,17,0
3228804,success,17,17,0
3228824,success,14,14,0
3228825,success,18,18,0
3228945,success,14,14,0
3228959,success,17,17,0
3228986,success,17,17,0
3228988,success,17,17,0
3229028,success,18,18,0
3229150,success,17,17,0
3230095,success,17,17,0
3230206,success,17,17,0
3230227,success,23,23,0
3230491,success,17,17,0
3230578,success,24,24,0
3230753,success,17,17,0
3230787,success,19,19,0
3230805,success,17,17,0
3231120,success,8,8,0
3231137,success,18,18,0
3231341,success,34,34,0
3232249,success,17,17,0
3232859,success,17,17,0
3233043,success,17,17,0
3234598,success,17,17,0
3234843,success,14,14,0
3235282,success,17,17,0
3235672,success,17,17,0
3236705,success,17,17,0
3239171,success,16,16,0
3239636,success,17,17,0
3239671,success,17,17,0
3239945,success,43,43,0
3240049,success,18,18,0
3240158,success,17,17,0
3240159,success,18,18,0
3240406,success,19,19,0
3240706,success,17,17,0
3241248,success,18,18,0
3241344,success,17,17,0
3241557,success,17,17,0
3241604,success,14,14,0
3241619,success,20,20,0
3241647,success,17,17,0
3241662,success,17,17,0
3242039,success,17,17,0
3244792,success,14,14,0
3245000,success,14,14,0
3245638,success,15,15,0
3245661,success,11,11,0
3245969,success,14,14,0
3246867,success,14,14,0
3246984,success,20,20,0
3247268,success,26,26,0
3247294,success,14,14,0
3247396,success,25,25,0
3247404,success,6,6,0
3247503,success,14,14,0
3248019,success,12,12,0
3248033,success,18,18,0
3248332,success,15,15,0
3248501,success,14,14,0
3248696,success,14,14,0
3249334,success,14,14,0
3323289,success,17,17,0
3323887,success,49,49,0
3324069,success,17,17,0
3324644,success,18,18,0
3324986,success,17,17,0
3326377,success,17,17,0
3327980,success,17,17,0
3327992,success,14,14,0
3327993,success,17,17,0
3328026,success,17,17,0
3328027,success,16,16,0
3328052,success,14,14,0
3328080,success,18,18,0
3329204,success,16,16,0
3329643,success,17,17,0
3329985,success,17,17,0
3330684,success,17,17,0
3335813,success,17,17,0
3335816,success,19,19,0
3336283,success,17,17,0
3336476,success,18,18,0
3336765,success,17,17,0
3336845,success,17,17,0
3337061,success,18,18,0
3337351,success,17,17,0
3337425,success,17,17,0
3337432,success,17,17,0
3337438,success,17,17,0
3337548,success,16,16,0
3338660,success,10,10,0
3338674,success,19,19,0
3338885,success,22,22,0
3339538,success,18,18,0
3340070,success,17,17,0
3340165,success,17,17,0
3340312,success,17,17,0
3340313,success,8,8,0
3341760,success,18,18,0
3341934,success,17,17,0
3341982,success,14,14,0
3342463,success,19,19,0
3342467,success,17,17,0
3342592,success,17,17,0
3342794,success,17,17,0
3342952,success,18,18,0
3342970,success,23,23,0
3343281,success,17,17,0
3343866,success,17,17,0
3344419,success,17,17,0
3344427,success,8,8,0
3345675,success,17,17,0
3345973,success,17,17,0
3346154,success,17,17,0
3346543,success,17,17,0
3347485,success,18,18,0
3347807,success,18,18,0
3348082,success,17,17,0
3348090,success,18,18,0
3348093,success,8,8,0
3348216,success,17,17,0
3348285,success,17,17,0
3351888,success,14,14,0
3352751,success,15,15,0
3353050,success,21,21,0
3353454,success,2,2,0
3354846,success,13,13,0
3355104,success,13,13,0
3356156,success,14,14,0
3356193,success,11,11,0
3425363,success,17,17,0
3425851,success,28,28,0
3426367,success,17,17,0
3427776,success,17,17,0
3428127,success,14,14,0
3428359,success,18,18,0
3428468,success,17,17,0
3433668,success,18,18,0
3437739,success,17,17,0
3437776,success,17,17,0
3438507,success,17,17,0
3438975,success,27,27,0
3438976,success,17,17,0
3439031,success,26,26,0
3439096,success,14,14,0
3439126,success,17,17,0
3440118,success,18,18,0
3440230,success,18,18,0
3440861,success,17,17,0
3440978,success,17,17,0
3441340,success,17,17,0
3441784,success,20,20,0
3441795,success,17,17,0
3442054,success,18,18,0
3442055,success,19,19,0
3443582,success,10,10,0
3443790,success,19,19,0
3444098,success,2,2,0
3444588,success,26,26,0
3445812,success,17,17,0
3446451,success,18,18,0
3446746,success,19,19,0
3447722,success,34,34,0
3448130,success,17,17,0
3448323,success,16,16,0
3448456,success,14,14,0
3449540,success,17,17,0
3449870,success,14,14,0
3450040,success,17,17,0
3453214,success,26,26,0
3458028,success,33,33,0
3458687,success,15,15,0
3458919,success,14,14,0
3459199,success,16,16,0
3459529,success,14,14,0
3526331,success,16,16,0
3529290,success,17,17,0
3530668,success,16,16,0
3531231,success,14,14,0
3531558,success,36,36,0
3532510,success,18,18,0
3532985,success,19,19,0
3533469,success,14,14,0
3533483,success,14,14,0
3534076,success,17,17,0
3534118,success,17,17,0
3539231,success,17,17,0
3540873,success,17,17,0
3541800,success,17,17,0
3541946,success,21,21,0
3542117,success,14,14,0
3542222,success,17,17,0
3542542,success,17,17,0
3542573,success,19,19,0
3542574,success,8,8,0
3542588,success,17,17,0
3542928,success,17,17,0
3543270,success,17,17,0
3544595,success,63,63,0
3544640,success,14,14,0
3544678,success,17,17,0
3544689,success,17,17,0
3544694,success,8,8,0
3545135,success,18,18,0
3545478,success,34,34,0
3545583,success,17,17,0
3545626,success,14,14,0
3545749,success,14,14,0
3545840,success,19,19,0
3546060,success,14,14,0
3546821,success,18,18,0
3547091,success,28,28,0
3547178,success,17,17,0
3547315,success,10,10,0
3547760,success,17,17,0
3548044,success,20,20,0
3548622,success,17,17,0
3548639,success,17,17,0
3548645,success,14,14,0
3550372,success,17,17,0
3550434,success,17,17,0
3553900,success,14,14,0
3554031,success,14,14,0
3554600,success,13,13,0
3554819,success,15,15,0
3555178,success,15,15,0
3556220,success,14,14,0
3556229,success,6,6,0
3556742,success,14,14,0
3557341,success,12,12,0
3557493,success,14,14,0
3557560,success,14,14,0
3558803,success,12,12,0
3558849,success,14,14,0
3558981,success,14,14,0
3559860,success,13,13,0
3559935,success,14,14,0
3560301,success,16,16,0
3561464,success,15,15,0
3629119,success,17,17,0
3629330,success,15,15,0
3629967,success,17,17,0
3632089,success,17,17,0
3632330,success,17,17,0
3632418,success,57,57,0
3634051,success,18,18,0
3634169,success,18,18,0
3640905,success,43,43,0
3641216,success,18,18,0
3641726,success,17,17,0
3642289,success,22,22,0
3642335,success,18,18,0
3642741,success,17,17,0
3644071,success,18,18,0
3644174,success,9,9,0
3644399,success,17,17,0
3644505,success,17,17,0
3644523,success,26,26,0
3644542,success,22,22,0
3644601,success,17,17,0
3644602,success,17,17,0
3644631,success,17,17,0
3644649,success,17,17,0
3644653,success,17,17,0
3644738,success,17,17,0
3645282,success,17,17,0
3645438,success,14,14,0
3646449,success,17,17,0
3646515,success,17,17,0
3647097,success,17,17,0
3648437,success,17,17,0
3650049,success,17,17,0
3654095,success,14,14,0
3654719,success,14,14,0
3654950,success,11,11,0
3655326,success,14,14,0
3655332,success,14,14,0
3656121,success,22,22,0
3656322,success,15,15,0
3656700,success,15,15,0
3657176,success,14,14,0
3657758,success,11,11,0
3659940,success,14,14,0
3660581,success,15,15,0
3660924,success,14,14,0
3661886,success,14,14,0
3662635,success,17,17,0
3662838,success,40,40,0
3663141,success,11,11,0
3663173,success,11,11,0
3663494,success,11,11,0
3663850,success,13,13,0
3728432,success,17,17,0
3728701,success,17,17,0
3730176,success,18,18,0
3730335,success,18,18,0
3732035,success,17,17,0
3732821,success,17,17,0
3732894,success,17,17,0
3732972,success,16,16,0
3733628,success,19,19,0
3733638,success,17,17,0
3734418,success,20,20,0
3734501,success,10,10,0
3734868,success,24,24,0
3735629,success,10,10,0
3735634,success,17,17,0
3742855,success,17,17,0
3745559,success,17,17,0
3745690,success,17,17,0
3746248,success,18,18,0
3747262,success,17,17,0
3747817,success,17,17,0
3748239,success,11,11,0
3748855,success,17,17,0
3749134,success,17,17,0
3749365,success,16,16,0
3749508,success,18,18,0
3749978,success,16,16,0
3750350,success,18,18,0
3751118,success,17,17,0
3751231,success,17,17,0
3752110,success,17,17,0
3755522,success,15,15,0
3756264,success,14,14,0
3756801,success,14,14,0
3757407,success,15,15,0
3757521,success,15,15,0
3757588,success,14,14,0
3757590,success,14,14,0
3757778,success,11,11,0
3758499,success,14,14,0
3758922,success,14,14,0
3761319,success,14,14,0
3762468,success,21,21,0
3762553,success,15,15,0
3762750,success,13,13,0
3763724,success,11,11,0
3764411,success,14,14,0
3764714,success,15,15,0
3764879,success,14,14,0
3765692,success,11,11,0
3765771,success,14,14,0
3765917,success,14,14,0
3766353,success,14,14,0
3830820,success,17,17,0
3831053,success,18,18,0
3831523,success,18,18,0
3831911,success,17,17,0
3832474,success,49,49,0
3832716,success,27,27,0
3833007,success,17,17,0
3834317,success,19,19,0
3834322,success,17,17,0
3834360,success,23,23,0
3834364,success,17,17,0
3834728,success,17,17,0
3835670,success,35,35,0
3836375,success,16,16,0
3836399,success,17,17,0
3836413,success,17,17,0
3836439,success,19,19,0
3836450,success,18,18,0
3836453,success,18,18,0
3836509,success,17,17,0
3836522,success,17,17,0
3836558,success,17,17,0
3838004,success,18,18,0
3838486,success,17,17,0
3838496,success,8,8,0
3839294,success,18,18,0
3839488,success,19,19,0
3846515,success,4,4,0
3847138,success,17,17,0
3847708,success,18,18,0
3847907,success,21,21,0
3848083,success,14,14,0
3848275,success,16,16,0
3848665,success,12,12,0
3848919,success,17,17,0
3848948,success,19,19,0
3848966,success,17,17,0
3848972,success,17,17,0
3849155,success,23,23,0
3849187,success,17,17,0
3851130,success,17,17,0
3851134,success,18,18,0
3851193,success,17,17,0
3851194,success,17,17,0
3851949,success,17,17,0
3852258,success,17,17,0
3852476,success,18,18,0
3852655,success,18,18,0
3852865,success,18,18,0
3852872,success,18,18,0
3853673,success,26,26,0
3854101,success,14,14,0
3854496,success,16,16,0
3857860,success,15,15,0
3858704,success,15,15,0
3858757,success,11,11,0
3858767,success,14,14,0
3858804,success,20,20,0
3858824,success,14,14,0
3858851,success,11,11,0
3858879,success,14,14,0
3858884,success,24,24,0
3858917,success,14,14,0
3858919,success,11,11,0
3858926,success,14,14,0
3858943,success,14,14,0
3858949,success,14,14,0
3858988,success,14,14,0
3859042,success,11,11,0
3859079,success,29,29,0
3859151,success,14,14,0
3859363,success,14,14,0
3859628,success,11,11,0
3859890,success,14,14,0
3860441,success,14,14,0
3861595,success,25,25,0
3861611,success,11,11,0
3862246,success,14,14,0
3863877,success,14,14,0
3865298,success,1,1,0
3865567,success,14,14,0
3865595,success,14,14,0
3865815,success,15,15,0
3866536,success,14,14,0
3867593,success,15,15,0
3867615,success,15,15,0
3867794,success,11,11,0
3869014,success,14,14,0
3869326,success,15,15,0
3869825,success,14,14,0
3934657,success,17,17,0
3935914,success,15,15,0
3936061,success,17,17,0
3936658,success,19,19,0
3937519,success,18,18,0
3937814,success,17,17,0
3938073,success,19,19,0
3939150,success,29,29,0
3940418,success,17,17,0
3941219,success,18,18,0
3942446,success,17,17,0
3942670,success,20,20,0
3945802,success,14,14,0
3946023,success,18,18,0
3952651,success,16,16,0
3953106,success,1,1,0
3953173,success,17,17,0
3953212,success,17,17,0
3954211,success,16,16,0
3954227,success,14,14,0
3955444,success,18,18,0
3955817,success,17,17,0
3955866,success,17,17,0
3955867,success,18,18,0
3957082,success,18,18,0
3958301,success,16,16,0
3962243,success,31,31,0
3962357,success,14,14,0
3962440,success,14,14,0
3962684,success,14,14,0
3962728,success,14,14,0
3962751,success,14,14,0
3962872,success,14,14,0
3964109,success,15,15,0
3964545,success,12,12,0
3964562,success,18,18,0
3965201,success,15,15,0
3965326,success,14,14,0
3965879,success,14,14,0
3966262,success,14,14,0
3966801,success,14,14,0
3966912,success,14,14,0
3967326,success,11,11,0
3967501,success,15,15,0
3967760,success,25,25,0
3968809,success,14,14,0
3969687,success,15,15,0
3970117,success,14,14,0
3970233,success,14,14,0
3970397,success,15,15,0
3971315,success,14,14,0
3972391,success,15,15,0
3972432,success,14,14,0
3973002,success,14,14,0
3973504,success,13,13,0
3973549,success,14,14,0
3974928,success,14,14,0
4035640,success,17,17,0
4035667,success,22,22,0
4035675,success,17,17,0
4037163,success,8,8,0
4037164,success,17,17,0
4037428,success,19,19,0
4042026,success,23,23,0
4042088,success,18,18,0
4043190,success,21,21,0
4043443,success,17,17,0
4044005,success,19,19,0
4047631,success,17,17,0
4048898,success,18,18,0
4049108,success,17,17,0
4049124,success,17,17,0
4049131,success,17,17,0
4049901,success,19,19,0
4054784,success,17,17,0
4055092,success,17,17,0
4055304,success,17,17,0
4055765,success,54,54,0
4055774,success,16,16,0
4056579,success,17,17,0
4056616,success,18,18,0
4058169,success,18,18,0
4058881,success,17,17,0
4059887,success,18,18,0
4060229,success,17,17,0
4060815,success,27,27,0
4061149,success,26,26,0
4063943,success,14,14,0
4067110,success,15,15,0
4067336,success,13,13,0
4067549,success,14,14,0
4067925,success,13,13,0
4068391,success,11,11,0
4069063,success,14,14,0
4069213,success,16,16,0
4070376,success,14,14,0
4071638,success,14,14,0
4072271,success,15,15,0
4072333,success,14,14,0
4072526,success,14,14,0
4072955,success,14,14,0
4073017,success,14,14,0
4073089,success,2,2,0
4073707,success,11,11,0
4073730,success,17,17,0
4074294,success,15,15,0
4074736,success,14,14,0
4075015,success,14,14,0
4075064,success,14,14,0
4075067,success,15,15,0
4076061,success,11,11,0
4076098,success,11,11,0
4076952,success,14,14,0
4076976,success,14,14,0
4077252,success,15,15,0
4077526,success,16,16,0
4077767,success,11,11,0
4077901,success,14,14,0
4078157,success,11,11,0
4078311,success,14,14,0
4078693,success,15,15,0
4079530,success,6,6,0
4079535,success,11,11,0
4135665,success,17,17,0
4135912,success,17,17,0
4136466,success,19,19,0
4136659,success,18,18,0
4138008,success,17,17,0
4138557,success,18,18,0
4138951,success,17,17,0
4139254,success,18,18,0
4139816,success,38,38,0
4140813,success,17,17,0
4141376,success,55,55,0
4141587,success,18,18,0
4141593,success,18,18,0
4142768,success,18,18,0
4142847,success,17,17,0
4143755,success,53,53,0
4144231,success,14,14,0
4144236,success,44,44,0
4144238,success,17,17,0
4144576,success,17,17,0
4144873,success,5,5,0
4147171,success,17,17,0
4147444,success,18,18,0
4149060,success,17,17,0
4149450,success,17,17,0
4149684,success,16,16,0
4150390,success,14,14,0
4150496,success,16,16,0
4150539,success,17,17,0
4150611,success,48,48,0
4150624,success,17,17,0
4150701,success,14,14,0
4150703,success,17,17,0
4150804,success,18,18,0
4150972,success,13,13,0
4155328,success,18,18,0
4157052,success,16,16,0
4157325,success,31,31,0
4157488,success,17,17,0
4159347,success,19,19,0
4160006,success,2,2,0
4160669,success,18,18,0
4164393,success,14,14,0
4164511,success,15,15,0
4164922,success,15,15,0
4164994,success,11,11,0
4165473,success,14,14,0
4165960,success,15,15,0
4169315,success,14,14,0
4171955,success,14,14,0
4172013,success,14,14,0
4172746,success,11,11,0
4172805,success,14,14,0
4173026,success,14,14,0
4174507,success,14,14,0
4175105,success,14,14,0
4175630,success,13,13,0
4178389,success,20,20,0
4178606,success,15,15,0
4179201,success,14,14,0
4180280,success,41,41,0
4180396,success,15,15,0
4180401,success,11,11,0
4241238,success,9,9,0
4242147,success,17,17,0
4242692,success,18,18,0
4242806,success,17,17,0
4243911,success,17,17,0
4245861,success,14,14,0
4245897,success,19,19,0
4245933,success,17,17,0
4246343,success,17,17,0
4247023,success,2,2,0
4247092,success,23,23,0
4247791,success,27,27,0
4247807,success,14,14,0
4247811,success,17,17,0
4247991,success,19,19,0
4248120,success,17,17,0
4249611,success,14,14,0
4249725,success,31,31,0
4252226,success,17,17,0
4252322,success,17,17,0
4252671,success,18,18,0
4253860,success,18,18,0
4254466,success,17,17,0
4255422,success,18,18,0
4255944,success,18,18,0
4261960,success,14,14,0
4262040,success,26,26,0
4262581,success,17,17,0
4263293,success,32,32,0
4263529,success,17,17,0
4269252,success,15,15,0
4270253,success,16,16,0
4270565,success,14,14,0
4270799,success,14,14,0
4271474,success,14,14,0
4274071,success,14,14,0
4274548,success,11,11,0
4274816,success,14,14,0
4275117,success,14,14,0
4275191,success,14,14,0
4275328,success,15,15,0
4275721,success,14,14,0
4275739,success,11,11,0
4276114,success,13,13,0
4276445,success,14,14,0
4276716,success,16,16,0
4277304,success,13,13,0
4278221,success,18,18,0
4281023,success,14,14,0
4281068,success,14,14,0
4281700,success,14,14,0
4281895,success,16,16,0
4282191,success,14,14,0
4282390,success,14,14,0
4282872,success,14,14,0
4284147,success,11,11,0
4284980,success,13,13,0
4285087,success,14,14,0
4285107,success,14,14,0
4346178,success,17,17,0
4346339,success,18,18,0
4346875,success,17,17,0
4349442,success,17,17,0
4349452,success,57,57,0
4349935,success,17,17,0
4352168,success,17,17,0
4355503,success,18,18,0
4356621,success,17,17,0
4356766,success,14,14,0
4357985,success,17,17,0
4365442,success,17,17,0
4365461,success,17,17,0
4365645,success,18,18,0
4366323,success,17,17,0
4366923,success,18,18,0
4367528,success,17,17,0
4367544,success,1,1,0
4367854,success,11,11,0
4370527,success,14,14,0
4371172,success,14,14,0
4372410,success,15,15,0
4372620,success,15,15,0
4372765,success,6,6,0
4372768,success,11,11,0
4372961,success,14,14,0
4373195,success,15,15,0
4374339,success,15,15,0
4374610,success,14,14,0
4375101,success,14,14,0
4376629,success,14,14,0
4376644,success,15,15,0
4380283,success,14,14,0
4380560,success,11,11,0
4381282,success,14,14,0
4381429,success,13,13,0
4384652,success,14,14,0
4384675,success,14,14,0
4384793,success,11,11,0
4384909,success,11,11,0
4385148,success,11,11,0
4386047,success,6,6,0
4386059,success,13,13,0
4386607,success,11,11,0
4390912,success,14,14,0
4391348,success,14,14,0
4445630,success,17,17,0
4446411,success,17,17,0
4446859,success,17,17,0
4449034,success,41,41,0
4449752,success,18,18,0
4450844,success,27,27,0
4454219,success,1,1,0
4454752,success,23,23,0
4454934,success,17,17,0
4455231,success,14,14,0
4455763,success,15,15,0
4456622,success,16,16,0
4458082,success,16,16,0
4458109,success,18,18,0
4459068,success,19,19,0
4459503,success,17,17,0
4459924,success,17,17,0
4464394,success,18,18,0
4464689,success,18,18,0
4466356,success,17,17,0
4466677,success,18,18,0
4469825,success,15,15,0
4470888,success,14,14,0
4471313,success,11,11,0
4471747,success,14,14,0
4472143,success,14,14,0
4472818,success,17,17,0
4473226,success,8,8,0
4473613,success,14,14,0
4474462,success,14,14,0
4474637,success,8,8,0
4474645,success,14,14,0
4476123,success,14,14,0
4476423,success,10,10,0
4478142,success,14,14,0
4478168,success,16,16,0
4479633,success,14,14,0
4480676,success,14,14,0
4482738,success,14,14,0
4483138,success,11,11,0
4483235,success,14,14,0
4484179,success,15,15,0
4484312,success,14,14,0
4484336,success,14,14,0
4484356,success,14,14,0
4489844,success,18,18,0
4540508,success,13,13,0
4540632,success,13,13,0
4544571,success,14,14,0
4544572,success,16,16,0
4544620,success,16,16,0
4544623,success,14,14,0
4544628,success,18,18,0
4544670,success,17,17,0
4544684,success,17,17,0
4544907,success,17,17,0
4545187,success,32,32,0
4545570,success,17,17,0
4545926,success,18,18,0
4547480,success,17,17,0
4547603,success,17,17,0
4548011,success,18,18,0
4548098,success,18,18,0
4548162,success,14,14,0
4551328,success,17,17,0
4551663,success,17,17,0
4552729,success,17,17,0
4556468,success,17,17,0
4557341,success,18,18,0
4563268,success,18,18,0
4565943,success,15,15,0
4565985,success,15,15,0
4566848,success,11,11,0
4566999,success,14,14,0
4567118,success,14,14,0
4568117,success,15,15,0
4568298,success,14,14,0
4569590,success,14,14,0
4569942,success,11,11,0
4570555,success,23,23,0
4570931,success,14,14,0
4570949,success,14,14,0
4571004,success,15,15,0
4571536,success,11,11,0
4571844,success,2,2,0
4572728,success,15,15,0
4574310,success,16,16,0
4574319,success,11,11,0
4575824,success,14,14,0
4577484,success,16,16,0
4578594,success,11,11,0
4579313,success,14,14,0
4579321,success,8,8,0
4579598,success,14,14,0
4584865,success,17,17,0
4586482,success,17,17,0
4587135,success,17,17,0
4587448,success,18,18,0
4633434,success,13,13,0
4633570,success,34,34,0
4634135,success,13,13,0
4636565,success,18,18,0
4636578,success,34,34,0
4638237,success,17,17,0
4639868,success,18,18,0
4644604,success,18,18,0
4644952,success,34,34,0
4645174,success,17,17,0
4645492,success,17,17,0
4645833,success,17,17,0
4647662,success,17,17,0
4647949,success,2,2,0
4649305,success,30,30,0
4649440,success,17,17,0
4650674,success,17,17,0
4650733,success,17,17,0
4651399,success,16,16,0
4656049,success,18,18,0
4659255,success,13,13,0
4659405,success,14,14,0
4661634,success,14,14,0
4662363,success,14,14,0
4663185,success,15,15,0
4663658,success,15,15,0
4664046,success,14,14,0
4664743,success,14,14,0
4664847,success,13,13,0
4665571,success,14,14,0
4665989,success,14,14,0
4665991,success,14,14,0
4666008,success,14,14,0
4669402,success,14,14,0
4670217,success,11,11,0
4670267,success,14,14,0
4670361,success,14,14,0
4671584,success,14,14,0
4673628,success,14,14,0
4676964,success,17,17,0
4677282,success,17,17,0
4678171,success,17,17,0
4678873,success,20,20,0
4678875,success,17,17,0
4678919,success,17,17,0
4679314,success,17,17,0
4679687,success,14,14,0
4680745,success,19,19,0
4680772,success,18,18,0
4681152,success,18,18,0
4725292,success,13,13,0
4725681,success,28,28,0
4729553,success,18,18,0
4730442,success,18,18,0
4732015,success,18,18,0
4732137,success,18,18,0
4735826,success,18,18,0
4736208,success,17,17,0
4736439,success,17,17,0
4736569,success,14,14,0
4736644,success,17,17,0
4737267,success,19,19,0
4737302,success,19,19,0
4737848,success,18,18,0
4738095,success,18,18,0
4739194,success,17,17,0
4739229,success,18,18,0
4739565,success,17,17,0
4740375,success,17,17,0
4740676,success,18,18,0
4740688,success,17,17,0
4741126,success,19,19,0
4741777,success,17,17,0
4742188,success,17,17,0
4742414,success,19,19,0
4742420,success,17,17,0
4742452,success,14,14,0
4743508,success,15,15,0
4743513,success,21,21,0
4750341,success,14,14,0
4750406,success,14,14,0
4750669,success,14,14,0
4750962,success,14,14,0
4751083,success,6,6,0
4752451,success,24,24,0
4753561,success,14,14,0
4753988,success,14,14,0
4754831,success,15,15,0
4757331,success,14,14,0
4757437,success,14,14,0
4758350,success,15,15,0
4758368,success,24,24,0
4760478,success,11,11,0
4760746,success,11,11,0
4760959,success,13,13,0
4761060,success,18,18,0
4761427,success,14,14,0
4762283,success,14,14,0
4763020,success,15,15,0
4764774,success,14,14,0
4764969,success,14,14,0
4768756,success,17,17,0
4768846,success,17,17,0
4769799,success,22,22,0
4769824,success,14,14,0
4769931,success,17,17,0
4770174,success,17,17,0
4770365,success,15,15,0
4770617,success,17,17,0
4770798,success,18,18,0
4772095,success,17,17,0
4773155,success,18,18,0
4773392,success,17,17,0
4774646,success,17,17,0
4813563,success,13,13,0
4813750,success,12,12,0
4813793,success,14,14,0
4814168,success,14,14,0
4814502,success,14,14,0
4815520,success,27,27,0
4815612,success,2,2,0
4819158,success,17,17,0
4820550,success,17,17,0
4824268,success,17,17,0
4825872,success,18,18,0
4826110,success,17,17,0
4826439,success,17,17,0
4827723,success,19,19,0
4828341,success,14,14,0
4829935,success,17,17,0
4830605,success,17,17,0
4830859,success,17,17,0
4831728,success,17,17,0
4832175,success,14,14,0
4832197,success,18,18,0
4832225,success,18,18,0
4832273,success,17,17,0
4832837,success,17,17,0
4833135,success,17,17,0
4833409,success,17,17,0
4833421,success,52,52,0
4839180,success,15,15,0
4840156,success,14,14,0
4840263,success,14,14,0
4840327,success,15,15,0
4840513,success,14,14,0
4840672,success,14,14,0
4840818,success,14,14,0
4841374,success,15,15,0
4843592,success,14,14,0
4843751,success,14,14,0
4844004,success,14,14,0
4844367,success,14,14,0
4844470,success,14,14,0
4845862,success,14,14,0
4846856,success,12,12,0
4847534,success,14,14,0
4847782,success,14,14,0
4847801,success,14,14,0
4847832,success,14,14,0
4847843,success,14,14,0
4848115,success,14,14,0
4848321,success,14,14,0
4848423,success,6,6,0
4848424,success,14,14,0
4850961,success,14,14,0
4851145,success,14,14,0
4851195,success,14,14,0
4851217,success,31,31,0
4851239,success,17,17,0
4851283,success,6,6,0
4851338,success,14,14,0
4851356,success,14,14,0
4851464,success,11,11,0
4851530,success,22,22,0
4852297,success,14,14,0
4852528,success,40,40,0
4856592,success,18,18,0
4857058,success,17,17,0
4857213,success,17,17,0
4858610,success,17,17,0
4860678,success,17,17,0
4860932,success,17,17,0
4861527,success,17,17,0
4861736,success,17,17,0
4861784,success,14,14,0
4861791,success,14,14,0
4862332,success,6,6,0
4862625,success,22,22,0
4862924,success,17,17,0
4863260,success,18,18,0
4863369,success,17,17,0
4863753,success,18,18,0
4863956,success,17,17,0
4864734,success,4,4,0
4902030,success,13,13,0
4902202,success,13,13,0
4902673,success,13,13,0
4908495,success,17,17,0
4909707,success,18,18,0
4912589,success,18,18,0
4912650,success,17,17,0
4912991,success,18,18,0
4913000,success,17,17,0
4913852,success,17,17,0
4914221,success,18,18,0
4914399,success,2,2,0
4914423,success,51,51,0
4914566,success,18,18,0
4914709,success,17,17,0
4914737,success,17,17,0
4915582,success,18,18,0
4915638,success,16,16,0
4917014,success,18,18,0
4917357,success,17,17,0
4917596,success,23,23,0
4917658,success,17,17,0
4918303,success,17,17,0
4918309,success,21,21,0
4919550,success,17,17,0
4927315,success,14,14,0
4927734,success,15,15,0
4927738,success,15,15,0
4928119,success,11,11,0
4929299,success,11,11,0
4931073,success,19,19,0
4932348,success,14,14,0
4932442,success,19,19,0
4932689,success,11,11,0
4932691,success,14,14,0
4933476,success,14,14,0
4935172,success,14,14,0
4935914,success,3,3,0
4936180,success,15,15,0
4936990,success,11,11,0
4937140,success,24,24,0
4937143,success,3,3,0
4939265,success,15,15,0
4939346,success,13,13,0
4939533,success,14,14,0
4940201,success,14,14,0
4940203,success,14,14,0
4940376,success,12,12,0
4940438,success,12,12,0
4945035,success,17,17,0
4945764,success,18,18,0
4945877,success,18,18,0
4946049,success,18,18,0
4946581,success,17,17,0
4946584,success,17,17,0
4946680,success,17,17,0
4947556,success,18,18,0
4947726,success,17,17,0
4948730,success,17,17,0
4948863,success,17,17,0
4949027,success,14,14,0
4949214,success,17,17,0
4949524,success,17,17,0
4949751,success,17,17,0
4950232,success,14,14,0
4950341,success,17,17,0
4950557,success,19,19,0
4951249,success,17,17,0
4951877,success,17,17,0
4952341,success,18,18,0
4953173,success,17,17,0
4953262,success,18,18,0
4989057,success,13,13,0
4990977,success,13,13,0
4991208,success,14,14,0
4995716,success,14,14,0
4996057,success,18,18,0
4996558,success,16,16,0
5000179,success,17,17,0
5003117,success,20,20,0
5003670,success,17,17,0
5004909,success,17,17,0
5005121,success,17,17,0
5005618,success,19,19,0
5006817,success,18,18,0
5007345,success,17,17,0
5008245,success,1,1,0
5008501,success,17,17,0
5008775,success,17,17,0
5009189,success,29,29,0
5009688,success,17,17,0
5009743,success,18,18,0
5014753,success,17,17,0
5014903,success,13,13,0
5015027,success,15,15,0
5015459,success,14,14,0
5015913,success,16,16,0
5016163,success,14,14,0
5017058,success,15,15,0
5018787,success,14,14,0
5019567,success,15,15,0
5020034,success,8,8,0
5020044,success,14,14,0
5020319,success,15,15,0
5021174,success,6,6,0
5021176,success,14,14,0
5021432,success,14,14,0
5021732,success,17,17,0
5021737,success,16,16,0
5021899,success,12,12,0
5022440,success,14,14,0
5022828,success,15,15,0
5022900,success,11,11,0
5023948,success,10,10,0
5023956,success,15,15,0
5024126,success,11,11,0
5024138,success,14,14,0
5024177,success,14,14,0
5024252,success,14,14,0
5024268,success,15,15,0
5024292,success,5,5,0
5024372,success,15,15,0
5024414,success,14,14,0
5024429,success,11,11,0
5024450,success,12,12,0
5024476,success,15,15,0
5024482,success,14,14,0
5025217,success,15,15,0
5025234,success,15,15,0
5025294,success,14,14,0
5026023,success,14,14,0
5026187,success,15,15,0
5026326,success,11,11,0
5027859,success,13,13,0
5031804,success,18,18,0
5031857,success,40,40,0
5031882,success,18,18,0
5032842,success,17,17,0
5033823,success,18,18,0
5034333,success,22,22,0
5035972,success,17,17,0
5036052,success,18,18,0
5036480,success,17,17,0
5036516,success,1,1,0
5036530,success,17,17,0
5036537,success,14,14,0
5036538,success,17,17,0
5036705,success,17,17,0
5036966,success,2,2,0
5037742,success,17,17,0
5038469,success,18,18,0
5039053,success,18,18,0
5039129,success,17,17,0
5039228,success,20,20,0
5039441,success,19,19,0
5039687,success,17,17,0
5040077,success,9,9,0
5040223,success,17,17,0
5041569,success,14,14,0
5041847,success,17,17,0
5042210,success,35,35,0
5042785,success,18,18,0
5077629,success,13,13,0
5078025,success,13,13,0
5078879,success,14,14,0
5078939,success,12,12,0
5080346,success,13,13,0
5080565,success,4,4,0
5080636,success,25,25,0
5080652,success,13,13,0
5083138,success,17,17,0
5083252,success,17,17,0
5084171,success,16,16,0
5084942,success,53,53,0
5087223,success,17,17,0
5088400,success,14,14,0
5088536,success,39,39,0
5088591,success,17,17,0
5090690,success,19,19,0
5090803,success,18,18,0
5090937,success,19,19,0
5091016,success,16,16,0
5091075,success,18,18,0
5091479,success,17,17,0
5091614,success,17,17,0
5091808,success,17,17,0
5092266,success,14,14,0
5092655,success,14,14,0
5092799,success,14,14,0
5094301,success,19,19,0
5094412,success,17,17,0
5094751,success,57,57,0
5095082,success,17,17,0
5095269,success,18,18,0
5095635,success,17,17,0
5096053,success,17,17,0
5096590,success,17,17,0
5097278,success,18,18,0
5097454,success,14,14,0
5097470,success,17,17,0
5097856,success,17,17,0
5097868,success,17,17,0
5098334,success,18,18,0
5098444,success,24,24,0
5098757,success,18,18,0
5103942,success,14,14,0
5103998,success,14,14,0
5105886,success,15,15,0
5106313,success,14,14,0
5108214,success,26,26,0
5108946,success,14,14,0
5110423,success,13,13,0
5110453,success,14,14,0
5110683,success,11,11,0
5111801,success,15,15,0
5112198,success,14,14,0
5112567,success,14,14,0
5113053,success,5,5,0
5113146,success,4,4,0
5113809,success,14,14,0
5113822,success,17,17,0
5114623,success,14,14,0
5115178,success,14,14,0
5115379,success,15,15,0
5115688,success,14,14,0
5115978,success,26,26,0
5119143,success,18,18,0
5119619,success,17,17,0
5120087,success,19,19,0
5120225,success,18,18,0
5121173,success,18,18,0
5121511,success,19,19,0
5122112,success,17,17,0
5124254,success,17,17,0
5124667,success,36,36,0
5125048,success,18,18,0
5125196,success,17,17,0
5125347,success,17,17,0
5126182,success,17,17,0
5126627,success,16,16,0
5126932,success,17,17,0
5128673,success,17,17,0
5128966,success,14,14,0
5129453,success,16,16,0
5130369,success,20,20,0
5130380,success,8,8,0
5130563,success,16,16,0
5130740,success,17,17,0
5130890,success,18,18,0
5130983,success,17,17,0
5131180,success,18,18,0
5131276,success,5,5,0
5164255,success,18,18,0
5164794,success,13,13,0
5166811,success,13,13,0
5168498,success,13,13,0
5171707,success,16,16,0
5172274,success,18,18,0
5174492,success,18,18,0
5174677,success,2,2,0
5174858,success,17,17,0
5174920,success,18,18,0
5175024,success,17,17,0
5175986,success,16,16,0
5177065,success,18,18,0
5177104,success,17,17,0
5177859,success,18,18,0
5179609,success,18,18,0
5181086,success,17,17,0
5181299,success,17,17,0
5181455,success,17,17,0
5181804,success,8,8,0
5181817,success,18,18,0
5183357,success,17,17,0
5184144,success,17,17,0
5184584,success,17,17,0
5184709,success,17,17,0
5184911,success,17,17,0
5185765,success,18,18,0
5185897,success,19,19,0
5192660,success,14,14,0
5193077,success,15,15,0
5193384,success,6,6,0
5193386,success,16,16,0
5193400,success,14,14,0
5193439,success,14,14,0
5193659,success,14,14,0
5193813,success,14,14,0
5195172,success,14,14,0
5195945,success,12,12,0
5196851,success,15,15,0
5196864,success,13,13,0
5197233,success,14,14,0
5199426,success,14,14,0
5199978,success,13,13,0
5200084,success,16,16,0
5201115,success,14,14,0
5201593,success,14,14,0
5202905,success,15,15,0
5206233,success,14,14,0
5208962,success,17,17,0
5209845,success,14,14,0
5210475,success,14,14,0
5211199,success,18,18,0
5211470,success,17,17,0
5211631,success,18,18,0
5211922,success,17,17,0
5212220,success,18,18,0
5213005,success,17,17,0
5213230,success,17,17,0
5213404,success,17,17,0
5213811,success,17,17,0
5213902,success,17,17,0
5215251,success,14,14,0
5215508,success,19,19,0
5215700,success,14,14,0
5215980,success,14,14,0
5216727,success,17,17,0
5217574,success,14,14,0
5217586,success,17,17,0
5217733,success,15,15,0
5217891,success,17,17,0
5218014,success,17,17,0
5218441,success,17,17,0
5219234,success,31,31,0
5252423,success,13,13,0
5253802,success,13,13,0
5254230,success,13,13,0
5255259,success,12,12,0
5255552,success,13,13,0
5257082,success,13,13,0
5260419,success,15,15,0
5262539,success,17,17,0
5263167,success,17,17,0
5263802,success,22,22,0
5264304,success,14,14,0
5265982,success,18,18,0
5266937,success,17,17,0
5268955,success,18,18,0
5269407,success,17,17,0
5269467,success,17,17,0
5270698,success,29,29,0
5271090,success,17,17,0
5271608,success,14,14,0
5271637,success,18,18,0
5271803,success,17,17,0
5272233,success,17,17,0
5272571,success,18,18,0
5272878,success,17,17,0
5273713,success,17,17,0
5276332,success,18,18,0
5280587,success,14,14,0
5281113,success,14,14,0
5281714,success,14,14,0
5282049,success,14,14,0
5282051,success,14,14,0
5282437,success,11,11,0
5282477,success,11,11,0
5282656,success,14,14,0
5283458,success,14,14,0
5283542,success,14,14,0
5283728,success,13,13,0
5284133,success,16,16,0
5285607,success,17,17,0
5286786,success,14,14,0
5287983,success,13,13,0
5288543,success,15,15,0
5288570,success,14,14,0
5288577,success,14,14,0
5288744,success,14,14,0
5289854,success,13,13,0
5289857,success,14,14,0
5294739,success,20,20,0
5294945,success,17,17,0
5295206,success,17,17,0
5297298,success,31,31,0
5298620,success,16,16,0
5299459,success,34,34,0
5300878,success,17,17,0
5301093,success,14,14,0
5301750,success,34,34,0
5301955,success,17,17,0
5302006,success,17,17,0
5302643,success,17,17,0
5303185,success,17,17,0
5303346,success,17,17,0
5303551,success,17,17,0
5303557,success,8,8,0
5305225,success,17,17,0
5305240,success,18,18,0
5305399,success,17,17,0
5305404,success,17,17,0
5305451,success,14,14,0
5305471,success,17,17,0
5306383,success,17,17,0
5306720,success,14,14,0
5306862,success,22,22,0
5306984,success,18,18,0
5307568,success,17,17,0
5307574,success,17,17,0
5307858,success,14,14,0
5307990,success,18,18,0
5308296,success,14,14,0
5308387,success,17,17,0
5308419,success,17,17,0
5308537,success,18,18,0
5308663,success,14,14,0
5308666,success,16,16,0
5308777,success,17,17,0
5308778,success,14,14,0
5309353,success,17,17,0
5310435,success,18,18,0
5339567,success,13,13,0
5340644,success,13,13,0
5340878,success,13,13,0
5342061,success,13,13,0
5342473,success,13,13,0
5343976,success,14,14,0
5347537,success,9,9,0
5347784,success,18,18,0
5350244,success,18,18,0
5350447,success,17,17,0
5351250,success,39,39,0
5352640,success,14,14,0
5353137,success,17,17,0
5353938,success,17,17,0
5356593,success,41,41,0
5357470,success,17,17,0
5357545,success,17,17,0
5357901,success,27,27,0
5358241,success,34,34,0
5358624,success,17,17,0
5359678,success,17,17,0
5360082,success,17,17,0
5360920,success,17,17,0
5360974,success,14,14,0
5364071,success,52,52,0
5364090,success,18,18,0
5369827,success,15,15,0
5370302,success,17,17,0
5370944,success,14,14,0
5371776,success,26,26,0
5371777,success,14,14,0
5372966,success,14,14,0
5374403,success,14,14,0
5374838,success,14,14,0
5374854,success,20,20,0
5375194,success,14,14,0
5376067,success,20,20,0
5376836,success,24,24,0
5380812,success,18,18,0
5383248,success,48,48,0
5384079,success,18,18,0
5384713,success,17,17,0
5384802,success,23,23,0
5385139,success,14,14,0
5385150,success,14,14,0
5385269,success,17,17,0
5385304,success,18,18,0
5385410,success,17,17,0
5385439,success,17,17,0
5385469,success,18,18,0
5385471,success,17,17,0
5385491,success,18,18,0
5385509,success,16,16,0
5385548,success,18,18,0
5385566,success,14,14,0
5385575,success,17,17,0
5385647,success,17,17,0
5385667,success,17,17,0
5385697,success,17,17,0
5385773,success,17,17,0
5385778,success,17,17,0
5386163,success,18,18,0
5386264,success,17,17,0
5386904,success,1,1,0
5387843,success,17,17,0
5388229,success,17,17,0
5389184,success,17,17,0
5389540,success,17,17,0
5389632,success,14,14,0
5389956,success,17,17,0
5390913,success,17,17,0
5391407,success,1,1,0
5391911,success,4,4,0
5392702,success,17,17,0
5392871,success,18,18,0
5392897,success,14,14,0
5393558,success,17,17,0
5394585,success,18,18,0
5396122,success,14,14,0
5397106,success,17,17,0
5397166,success,17,17,0
5397905,success,17,17,0
5398002,success,19,19,0
5425643,success,10,10,0
5425908,success,14,14,0
5428199,success,13,13,0
5428471,success,2,2,0
5428657,success,13,13,0
5428668,success,12,12,0
5431027,success,13,13,0
5435816,success,16,16,0
5436013,success,17,17,0
5436161,success,17,17,0
5436338,success,16,16,0
5436415,success,17,17,0
5436455,success,18,18,0
5436502,success,37,37,0
5437348,success,19,19,0
5437762,success,17,17,0
5437945,success,17,17,0
5438099,success,20,20,0
5438757,success,20,20,0
5439000,success,17,17,0
5440317,success,17,17,0
5440435,success,18,18,0
5440472,success,17,17,0
5440651,success,17,17,0
5441980,success,9,9,0
5443320,success,17,17,0
5443604,success,17,17,0
5443775,success,18,18,0
5443837,success,17,17,0
5444276,success,18,18,0
5444334,success,17,17,0
5444384,success,14,14,0
5444392,success,26,26,0
5444491,success,17,17,0
5444548,success,17,17,0
5444549,success,14,14,0
5445681,success,17,17,0
5446285,success,59,59,0
5446961,success,17,17,0
5449777,success,19,19,0
5450814,success,17,17,0
5450893,success,18,18,0
5456023,success,14,14,0
5456319,success,14,14,0
5456651,success,19,19,0
5456979,success,11,11,0
5457326,success,14,14,0
5460434,success,16,16,0
5460835,success,14,14,0
5461440,success,14,14,0
5462901,success,13,13,0
5466109,success,17,17,0
5467102,success,14,14,0
5467113,success,10,10,0
5467124,success,17,17,0
5467126,success,17,17,0
5468555,success,17,17,0
5470739,success,17,17,0
5470851,success,16,16,0
5470960,success,16,16,0
5471010,success,16,16,0
5471059,success,17,17,0
5471068,success,17,17,0
5471108,success,17,17,0
5471141,success,17,17,0
5471158,success,16,16,0
5471192,success,17,17,0
5471202,success,17,17,0
5471217,success,17,17,0
5471271,success,17,17,0
5471289,success,17,17,0
5471328,success,14,14,0
5471415,success,18,18,0
5471480,success,17,17,0
5471489,success,17,17,0
5471496,success,17,17,0
5471566,success,17,17,0
5471574,success,17,17,0
5471606,success,19,19,0
5471617,success,18,18,0
5471675,success,18,18,0
5471688,success,14,14,0
5471690,success,18,18,0
5471769,success,17,17,0
5471770,success,17,17,0
5471792,success,18,18,0
5473535,success,17,17,0
5473556,success,32,32,0
5474613,success,28,28,0
5474733,success,17,17,0
5475042,success,17,17,0
5475431,success,17,17,0
5475494,success,17,17,0
5475641,success,17,17,0
5475712,success,17,17,0
5475735,success,17,17,0
5475736,success,17,17,0
5476671,success,17,17,0
5477805,success,17,17,0
5478055,success,17,17,0
5478083,success,8,8,0
5479717,success,14,14,0
5479802,success,14,14,0
5479973,success,17,17,0
5480640,success,17,17,0
5480736,success,17,17,0
5480884,success,16,16,0
5481148,success,17,17,0
5481416,success,16,16,0
5481426,success,8,8,0
5482603,success,18,18,0
5511081,success,29,29,0
5511659,success,13,13,0
5512513,success,13,13,0
5512580,success,13,13,0
5513012,success,13,13,0
5513648,success,29,29,0
5513822,success,14,14,0
5513833,success,13,13,0
5513857,success,13,13,0
5513861,success,16,16,0
5513866,success,13,13,0
5513893,success,14,14,0
5513897,success,13,13,0
5514383,success,42,42,0
5520547,success,17,17,0
5521300,success,17,17,0
5524229,success,19,19,0
5524881,success,14,14,0
5525484,success,17,17,0
5526527,success,17,17,0
5526717,success,20,20,0
5527172,success,8,8,0
5529385,success,18,18,0
5529501,success,18,18,0
5529552,success,17,17,0
5529560,success,14,14,0
5529643,success,17,17,0
5529738,success,17,17,0
5530112,success,1,1,0
5530881,success,20,20,0
5530882,success,17,17,0
5531576,success,17,17,0
5531694,success,19,19,0
5531953,success,17,17,0
5534476,success,18,18,0
5534702,success,17,17,0
5534814,success,17,17,0
5534941,success,18,18,0
5534965,success,18,18,0
5535280,success,17,17,0
5535890,success,17,17,0
5536715,success,17,17,0
5542466,success,19,19,0
5542983,success,15,15,0
5544450,success,15,15,0
5544903,success,7,7,0
5545815,success,14,14,0
5546277,success,15,15,0
5546691,success,14,14,0
5546761,success,25,25,0
5547424,success,14,14,0
5547480,success,20,20,0
5551228,success,16,16,0
5551240,success,17,17,0
5551504,success,17,17,0
5551672,success,10,10,0
5552562,success,14,14,0
5552808,success,18,18,0
5553624,success,17,17,0
5553652,success,17,17,0
5553959,success,17,17,0
5556726,success,17,17,0
5556804,success,14,14,0
5557821,success,14,14,0
5559651,success,17,17,0
5560830,success,17,17,0
5560831,success,10,10,0
5561278,success,30,30,0
5562090,success,25,25,0
5562784,success,17,17,0
5563057,success,18,18,0
5563080,success,17,17,0
5563300,success,17,17,0
5563937,success,14,14,0
5564082,success,19,19,0
5564247,success,14,14,0
5565261,success,17,17,0
5565486,success,14,14,0
5565497,success,17,17,0
5565707,success,17,17,0
5596440,success,14,14,0
5597361,success,13,13,0
5597970,success,14,14,0
5598216,success,13,13,0
5598595,success,12,12,0
5598639,success,15,15,0
5598645,success,14,14,0
5599774,success,13,13,0
5601258,success,13,13,0
5602409,success,12,12,0
5602588,success,12,12,0
5603270,success,14,14,0
5607631,success,17,17,0
5608566,success,22,22,0
5609593,success,16,16,0
5610698,success,17,17,0
5612111,success,17,17,0
5612697,success,18,18,0
5613330,success,19,19,0
5613821,success,17,17,0
5616489,success,17,17,0
5616628,success,16,16,0
5617259,success,17,17,0
5617510,success,19,19,0
5617854,success,17,17,0
5618071,success,9,9,0
5621125,success,21,21,0
5621294,success,18,18,0
5621299,success,17,17,0
5621333,success,17,17,0
5621586,success,14,14,0
5622250,success,17,17,0
5623137,success,17,17,0
5623839,success,9,9,0
5629353,success,2,2,0
5629538,success,14,14,0
5629985,success,14,14,0
5631630,success,14,14,0
5632701,success,14,14,0
5632781,success,17,17,0
5633259,success,14,14,0
5636642,success,8,8,0
5636648,success,26,26,0
5637036,success,10,10,0
5638699,success,17,17,0
5640085,success,42,42,0
5640511,success,19,19,0
5641294,success,18,18,0
5642620,success,11,11,0
5642688,success,14,14,0
5643492,success,17,17,0
5644412,success,14,14,0
5645170,success,17,17,0
5647008,success,17,17,0
5647638,success,17,17,0
5648449,success,19,19,0
5649206,success,8,8,0
5649215,success,17,17,0
5649325,success,17,17,0
5649833,success,17,17,0
5649836,success,10,10,0
5649837,success,17,17,0
5649956,success,16,16,0
5650314,success,14,14,0
5650420,success,17,17,0
5650930,success,18,18,0
5651104,success,17,17,0
5651829,success,18,18,0
5651846,success,17,17,0
5652237,success,18,18,0
5652260,success,8,8,0
5652893,success,17,17,0
5652983,success,50,50,0
5653072,success,18,18,0
5653126,success,44,44,0
5653152,success,16,16,0
5653163,success,8,8,0
5653795,success,17,17,0
5653849,success,17,17,0
5683219,success,14,14,0
5683743,success,13,13,0
5685113,success,13,13,0
5686174,success,13,13,0
5686974,success,13,13,0
5687700,success,13,13,0
5687986,success,14,14,0
5688683,success,14,14,0
5688790,success,5,5,0
5688910,success,7,7,0
5688997,success,1,1,0
5689351,success,19,19,0
5695396,success,54,54,0
5695524,success,17,17,0
5695615,success,17,17,0
5695904,success,17,17,0
5696518,success,17,17,0
5696909,success,17,17,0
5696918,success,17,17,0
5697395,success,17,17,0
5697628,success,17,17,0
5698524,success,18,18,0
5700330,success,18,18,0
5700900,success,16,16,0
5702637,success,18,18,0
5702770,success,17,17,0
5702939,success,17,17,0
5705819,success,17,17,0
5706592,success,17,17,0
5706595,success,17,17,0
5706966,success,20,20,0
5709014,success,17,17,0
5709103,success,18,18,0
5709226,success,17,17,0
5709725,success,35,35,0
5709889,success,17,17,0
5709906,success,17,17,0
5710069,success,17,17,0
5716244,success,14,14,0
5716508,success,4,4,0
5716763,success,15,15,0
5716932,success,15,15,0
5717567,success,16,16,0
5725087,success,18,18,0
5725851,success,18,18,0
5726910,success,17,17,0
5728139,success,27,27,0
5728283,success,16,16,0
5730380,success,17,17,0
5730389,success,17,17,0
5730394,success,10,10,0
5730445,success,14,14,0
5731312,success,20,20,0
5731623,success,14,14,0
5732636,success,19,19,0
5734702,success,18,18,0
5735762,success,59,59,0
5735878,success,18,18,0
5736461,success,16,16,0
5736801,success,14,14,0
5737869,success,17,17,0
5738346,success,14,14,0
5738496,success,17,17,0
5738506,success,8,8,0
5738634,success,18,18,0
5738698,success,19,19,0
5768816,success,13,13,0
5768927,success,14,14,0
5769810,success,13,13,0
5769943,success,1,1,0
5770074,success,14,14,0
5771589,success,15,15,0
5771719,success,40,40,0
5773121,success,13,13,0
5774349,success,13,13,0
5774375,success,14,14,0
5775090,success,13,13,0
5775129,success,13,13,0
5779606,success,17,17,0
5779852,success,17,17,0
5780194,success,17,17,0
5780460,success,16,16,0
5780715,success,32,32,0
5780855,success,17,17,0
5780885,success,36,36,0
5780930,success,17,17,0
5781192,success,19,19,0
5781991,success,17,17,0
5783732,success,18,18,0
5783938,success,17,17,0
5784777,success,17,17,0
5784803,success,17,17,0
5785279,success,17,17,0
5786676,success,19,19,0
5787131,success,14,14,0
5790807,success,23,23,0
5791705,success,18,18,0
5791713,success,17,17,0
5791986,success,23,23,0
5792202,success,49,49,0
5793275,success,17,17,0
5794240,success,49,49,0
5794379,success,17,17,0
5794570,success,18,18,0
5794687,success,17,17,0
5795648,success,20,20,0
5796185,success,14,14,0
5796186,success,17,17,0
5796675,success,21,21,0
5801571,success,19,19,0
5802205,success,15,15,0
5802246,success,14,14,0
5802285,success,14,14,0
5802292,success,11,11,0
5802470,success,14,14,0
5802478,success,14,14,0
5802486,success,13,13,0
5802637,success,11,11,0
5806800,success,17,17,0
5807579,success,17,17,0
5807769,success,17,17,0
5809372,success,18,18,0
5809890,success,26,26,0
5809954,success,17,17,0
5812648,success,17,17,0
5812701,success,66,66,0
5812960,success,17,17,0
5814013,success,14,14,0
5814635,success,18,18,0
5816144,success,17,17,0
5816165,success,14,14,0
5816806,success,10,10,0
5816811,success,17,17,0
5817533,success,17,17,0
5817553,success,17,17,0
5817566,success,36,36,0
5817613,success,14,14,0
5817685,success,17,17,0
5817712,success,14,14,0
5817957,success,17,17,0
5817986,success,17,17,0
5818068,success,14,14,0
5819801,success,18,18,0
5820218,success,17,17,0
5823557,success,17,17,0
5856571,success,14,14,0
5857540,success,10,10,0
5857656,success,14,14,0
5858519,success,2,2,0
5858919,success,14,14,0
5859725,success,14,14,0
5860347,success,14,14,0
5860968,success,13,13,0
5864975,success,11,11,0
5865654,success,17,17,0
5866099,success,17,17,0
5866104,success,8,8,0
5866724,success,62,62,0
5868793,success,4,4,0
5869272,success,14,14,0
5871116,success,17,17,0
5871918,success,17,17,0
5871985,success,17,17,0
5872139,success,14,14,0
5872150,success,23,23,0
5876360,success,8,8,0
5876368,success,17,17,0
5876805,success,14,14,0
5877292,success,14,14,0
5878506,success,17,17,0
5879448,success,18,18,0
5880320,success,28,28,0
5881120,success,17,17,0
5881307,success,14,14,0
5881688,success,17,17,0
5881813,success,17,17,0
5887316,success,14,14,0
5887393,success,14,14,0
5888187,success,14,14,0
5893123,success,23,23,0
5894073,success,17,17,0
5894182,success,18,18,0
5894825,success,17,17,0
5894972,success,18,18,0
5895083,success,18,18,0
5895158,success,17,17,0
5895588,success,14,14,0
5897826,success,57,57,0
5898983,success,18,18,0
5899544,success,14,14,0
5900235,success,17,17,0
5900390,success,18,18,0
5903301,success,15,15,0
5903312,success,21,21,0
5903749,success,17,17,0
5905728,success,19,19,0
5905822,success,30,30,0
5906426,success,17,17,0
5906694,success,17,17,0
5908086,success,18,18,0
5938970,success,13,13,0
5940165,success,13,13,0
5941160,success,17,17,0
5942093,success,10,10,0
5942112,success,13,13,0
5942808,success,10,10,0
5942949,success,13,13,0
5946568,success,18,18,0
5949765,success,18,18,0
5951140,success,17,17,0
5951416,success,17,17,0
5952309,success,17,17,0
5952366,success,17,17,0
5952403,success,14,14,0
5952448,success,17,17,0
5952457,success,17,17,0
5953297,success,17,17,0
5954001,success,17,17,0
5954894,success,18,18,0
5955197,success,14,14,0
5955321,success,17,17,0
5955427,success,17,17,0
5955621,success,18,18,0
5956038,success,17,17,0
5956171,success,17,17,0
5956342,success,18,18,0
5956354,success,17,17,0
5956633,success,17,17,0
5956656,success,17,17,0
5956776,success,10,10,0
5956787,success,8,8,0
5956977,success,18,18,0
5957181,success,17,17,0
5959719,success,17,17,0
5959753,success,21,21,0
5961350,success,18,18,0
5962262,success,17,17,0
5962509,success,17,17,0
5962514,success,2,2,0
5962716,success,17,17,0
5963222,success,18,18,0
5963582,success,18,18,0
5963591,success,17,17,0
5964985,success,18,18,0
5965629,success,17,17,0
5965819,success,17,17,0
5966154,success,22,22,0
5966322,success,27,27,0
5966660,success,18,18,0
5966732,success,14,14,0
5966810,success,17,17,0
5967194,success,18,18,0
5972334,success,39,39,0
5977470,success,17,17,0
5977541,success,18,18,0
5977804,success,17,17,0
5978170,success,17,17,0
5978361,success,17,17,0
5978559,success,17,17,0
5979863,success,17,17,0
5980061,success,17,17,0
5980208,success,17,17,0
5980354,success,19,19,0
5980783,success,14,14,0
5980800,success,14,14,0
5981058,success,17,17,0
5982353,success,19,19,0
5982368,success,14,14,0
5983348,success,17,17,0
5983532,success,17,17,0
5985713,success,18,18,0
5986209,success,14,14,0
5986270,success,18,18,0
5988031,success,17,17,0
5989391,success,19,19,0
5990753,success,18,18,0
5991070,success,18,18,0
5991765,success,18,18,0
5991936,success,18,18,0
5992210,success,9,9,0
5992270,success,17,17,0
6019872,success,13,13,0
6019971,success,13,13,0
6020753,success,28,28,0
6021193,success,20,20,0
6021275,success,35,35,0
6021655,success,13,13,0
6021840,success,13,13,0
6022556,success,13,13,0
6023571,success,13,13,0
6023859,success,8,8,0
6025124,success,13,13,0
6025174,success,13,13,0
6026438,success,13,13,0
6026737,success,14,14,0
6026924,success,14,14,0
6028860,success,15,15,0
6029130,success,17,17,0
6029239,success,50,50,0
6032318,success,17,17,0
6032497,success,17,17,0
6032517,success,17,17,0
6032730,success,42,42,0
6032920,success,20,20,0
6032981,success,19,19,0
6033602,success,17,17,0
6034379,success,16,16,0
6034834,success,17,17,0
6034945,success,17,17,0
6035124,success,17,17,0
6035335,success,18,18,0
6036286,success,17,17,0
6037187,success,17,17,0
6037581,success,21,21,0
6038152,success,17,17,0
6041511,success,18,18,0
6041734,success,14,14,0
6042031,success,18,18,0
6042116,success,19,19,0
6042214,success,17,17,0
