phase_days,binned_flux,binned_flux_err,n_points
-0.299,0.9999996890111531,2.5058071235809446e-05,108
-0.297,1.0000282362346464,3.0264070237419217e-05,102
-0.295,1.0000152330520042,2.2781480304848558e-05,109
-0.293,1.000019312796153,2.571402923078576e-05,106
-0.291,0.999998832590755,2.3586904492120434e-05,109
-0.289,1.0000135412395421,2.471050996439076e-05,106
-0.287,0.9999665921234117,3.150562412117139e-05,110
-0.285,0.9999555952765241,2.203606424059145e-05,97
-0.283,0.9999939669093814,2.4046219962349533e-05,109
-0.28099999999999997,1.0000132814307918,2.296328614293829e-05,110
-0.27899999999999997,1.0000115414900295,2.795694119186136e-05,106
-0.27699999999999997,0.9999808247123654,2.7572427929448397e-05,106
-0.27499999999999997,1.00000305032835,2.0529923866193714e-05,109
-0.27299999999999996,0.9999972694593229,2.3312125097595755e-05,102
-0.27099999999999996,0.9999492728696222,2.7216180397060247e-05,108
-0.26899999999999996,0.9999304703723044,1.964797219755007e-05,110
-0.26699999999999996,0.9999464635092472,3.5612429885884327e-05,102
-0.26499999999999996,0.9999042302576753,2.2634147626574346e-05,98
-0.26299999999999996,0.9999400041321312,2.8046359183508713e-05,111
-0.26099999999999995,1.000003564994841,2.0679668378063534e-05,98
-0.25899999999999995,0.9999748598644479,2.81075540227587e-05,109
-0.25699999999999995,0.9999211020612814,2.3638677792850552e-05,109
-0.25499999999999995,0.9999272818453445,2.8873435365162063e-05,104
-0.25299999999999995,0.9999623445667829,2.076269322462363e-05,108
-0.25099999999999995,0.9999539348718708,2.9404646584471066e-05,107
-0.24899999999999994,0.9999591832989448,2.1020467765997017e-05,105
-0.24699999999999994,0.9999305732105568,3.282380950367622e-05,114
-0.24499999999999994,0.9998633909529389,1.8780845989959062e-05,92
-0.24299999999999994,0.9999605320206064,2.959204433400315e-05,109
-0.24099999999999994,0.9999687939155297,2.050998792005111e-05,107
-0.23899999999999993,0.9999526503898906,3.307812682931924e-05,93
-0.23699999999999993,0.9999072774219069,1.9847604292090276e-05,112
-0.23499999999999993,0.9999323017382663,3.0870180735799144e-05,106
-0.23299999999999993,0.9999128726631517,2.2228052464880803e-05,94
-0.23099999999999993,0.9999098174053261,3.097521230316719e-05,111
-0.22899999999999993,0.9999556422634197,2.0275523491618985e-05,110
-0.22699999999999992,0.9999357388213534,3.727636720204012e-05,96
-0.22499999999999992,0.9999046946070489,2.5904558663629776e-05,105
-0.22299999999999992,0.999924498307679,2.920404875743182e-05,103
-0.22099999999999992,0.9999153796819763,2.7342562556477086e-05,98
-0.21899999999999992,0.9999091190999297,2.4058706171714436e-05,104
-0.21699999999999992,0.9999205898650821,2.0538981436397906e-05,120
-0.2149999999999999,0.9998853286006363,2.7586871391640705e-05,111
-0.2129999999999999,0.9999329959950829,1.9313889498122175e-05,104
-0.2109999999999999,0.9999170180514755,3.1719986907211206e-05,106
-0.2089999999999999,0.9998779962456513,2.0314607130321304e-05,105
-0.2069999999999999,0.9998802048817025,2.8329034913236638e-05,113
-0.2049999999999999,0.9998931214194365,2.8290810264186365e-05,112
-0.2029999999999999,0.9998878027846344,2.536699936094954e-05,98
-0.2009999999999999,0.9998893774882343,2.4507740036917364e-05,108
-0.1989999999999999,0.9998975982990077,2.9258098411319258e-05,106
-0.1969999999999999,0.9998915923149577,2.3430074827947547e-05,105
-0.1949999999999999,0.9998829635116475,2.3671638199620715e-05,109
-0.1929999999999999,0.9998888347305291,2.213127234518028e-05,101
-0.1909999999999999,0.9998732703691023,2.4712536282866385e-05,106
-0.1889999999999999,0.9998805030431646,2.4592542257982113e-05,109
-0.1869999999999999,0.9998855805334068,2.3709956945758586e-05,93
-0.1849999999999999,0.999864326199164,4.037515749103197e-05,100
-0.18299999999999988,0.99988196949703,2.502062998235113e-05,105
-0.18099999999999988,0.9998694460203801,3.011223275691667e-05,109
-0.17899999999999988,0.9999120344495573,2.437308369477521e-05,105
-0.17699999999999988,0.9998513487675681,3.091634014105672e-05,101
-0.17499999999999988,0.9998624596133299,2.045184642661126e-05,108
-0.17299999999999988,0.9998422690912817,2.777833888352634e-05,105
-0.17099999999999987,0.9998777636767533,2.2144667030137457e-05,102
-0.16899999999999987,0.9997956649648021,2.872017177016633e-05,109
-0.16699999999999987,0.9998776553663467,1.8379011361201298e-05,107
-0.16499999999999987,0.9998600818937478,3.717581354415498e-05,100
-0.16299999999999987,0.9998410358243798,2.1542572756924284e-05,99
-0.16099999999999987,0.9998562933488385,2.703084162176966e-05,103
-0.15899999999999986,0.9998605757658913,2.473818278490302e-05,99
-0.15699999999999986,0.9998472812579936,3.372984149634121e-05,100
-0.15499999999999986,0.999831377937934,2.032584850794072e-05,115
-0.15299999999999986,0.9998345048833372,3.1512441712500004e-05,101
-0.15099999999999986,0.9998568251377721,1.986867712693022e-05,105
-0.14899999999999985,0.9998382791123483,2.7823821547958902e-05,108
-0.14699999999999985,0.9998362811724895,2.080714552012333e-05,102
-0.14499999999999985,0.9998639189311926,3.61588249764489e-05,104
-0.14299999999999985,0.9998431821025345,1.9432981205648347e-05,111
-0.14099999999999985,0.9998975516883252,3.000853985236759e-05,102
-0.13899999999999985,0.9999030876687154,2.327700821226909e-05,113
-0.13699999999999984,0.9998208285586736,3.394180491237645e-05,106
-0.13499999999999984,0.9997994082027015,1.897562242889965e-05,112
-0.13299999999999984,0.9998564063817255,3.13678792289947e-05,112
-0.13099999999999984,0.9998414355659863,2.1439440364194846e-05,104
-0.12899999999999984,0.9998420417914513,2.7904760665099853e-05,104
-0.12699999999999984,0.9998571329525074,2.066550188070419e-05,110
-0.12499999999999983,0.9998013929992712,3.1061314025427474e-05,99
-0.12299999999999983,0.999825226494413,3.0308297229900467e-05,96
-0.12099999999999983,0.9998158582485375,2.5861123702015982e-05,108
-0.11899999999999983,0.9998224950649088,2.9076003887873578e-05,98
-0.11699999999999983,0.9998074236828918,3.086050571331341e-05,102
-0.11499999999999982,0.9997980373052957,2.211699958177326e-05,114
-0.11299999999999982,0.9998193057102782,3.1489752701516515e-05,102
-0.11099999999999982,0.9998386006796092,2.151152005353148e-05,106
-0.10899999999999982,0.9998243145397853,2.6968948388998665e-05,106
-0.10699999999999982,0.9998731016742525,2.4453084748534306e-05,103
-0.10499999999999982,0.9998109950509874,2.5633894993500382e-05,104
-0.10299999999999981,0.9997737523241728,3.122867076271977e-05,104
-0.10099999999999981,0.9998183114210974,2.7830478908634987e-05,101
-0.09899999999999981,0.9997826488539605,2.5613645548278943e-05,104
-0.09699999999999981,0.9998664873945399,2.9245598194370952e-05,104
-0.0949999999999998,0.9998146373330641,2.9492585868033684e-05,111
-0.0929999999999998,0.9997977515649216,2.715459728453877e-05,109
-0.0909999999999998,0.9997965018004129,2.8921950260245535e-05,110
-0.0889999999999998,0.9997450268986849,2.3509116389212194e-05,98
-0.0869999999999998,0.9997788283721966,2.488130417810296e-05,112
-0.0849999999999998,0.9998007975315449,2.6271853629070736e-05,107
-0.0829999999999998,0.9997421584184893,3.266070415789769e-05,104
-0.0809999999999998,0.9997527301914053,2.4687469885373574e-05,104
-0.07899999999999979,0.999784709479144,2.9556119549619102e-05,104
-0.07699999999999979,0.9998082201403931,2.7726873063083365e-05,102
-0.07499999999999979,0.999782627336242,3.114415441532883e-05,115
-0.07299999999999979,0.9998441635437392,2.6678528428430463e-05,97
-0.07099999999999979,0.9997450698688071,2.8906469898347254e-05,108
-0.06899999999999978,0.9997764096661986,2.391860454767702e-05,111
-0.06699999999999978,0.9997586388417528,2.8289552260217723e-05,101
-0.06499999999999978,0.9997618246732741,2.3947757359880623e-05,106
-0.06299999999999978,0.9997428186301345,4.037292728883942e-05,111
-0.06099999999999978,0.999742438561472,2.6593260494605464e-05,94
-0.058999999999999775,0.9997783699603431,3.656148281597063e-05,101
-0.05699999999999977,0.9998046180900639,2.0501253093943548e-05,106
-0.05499999999999977,0.9997296663696503,3.6530085369292254e-05,97
-0.05299999999999977,0.999713736433244,2.3920221644587867e-05,111
-0.05099999999999977,0.9997443241998175,3.332792626127952e-05,105
-0.048999999999999766,0.9997422151918844,2.2835081010378684e-05,105
-0.046999999999999764,0.9997407777787041,3.2131594046293935e-05,104
-0.04499999999999976,0.9997557120164823,2.5584631872713482e-05,109
-0.04299999999999976,0.999695931397567,3.5943417768913963e-05,101
-0.04099999999999976,0.9997502716412613,2.9493894479759156e-05,105
-0.03899999999999976,0.9997671406396847,3.816633978280039e-05,102
-0.036999999999999755,0.9997686669387167,2.578451619277249e-05,100
-0.034999999999999754,0.9997333810414574,3.0106139181647154e-05,111
-0.03299999999999975,0.999746401587157,2.3161545640636447e-05,105
-0.03099999999999975,0.9997293703551318,3.0841089649937286e-05,108
-0.028999999999999748,0.9997288426708031,2.261761053037869e-05,117
-0.026999999999999746,0.9997575566972077,3.4800071946203775e-05,101
-0.024999999999999745,0.9997605763174346,2.5542607461373453e-05,106
-0.022999999999999743,0.9997268374543579,3.567327618810285e-05,107
-0.02099999999999974,0.9997025093868576,3.040646475368557e-05,105
-0.01899999999999974,0.9996967751536612,3.0112392353419945e-05,103
-0.016999999999999738,0.9997334586322704,2.8947084251987964e-05,116
-0.014999999999999736,0.999771609262667,3.7965909370501433e-05,97
-0.012999999999999734,0.9996820586456506,2.4923425691972444e-05,112
-0.010999999999999732,0.9997050707033576,2.809302478836406e-05,105
-0.00899999999999973,0.9996946923948116,2.9854524230598187e-05,109
-0.006999999999999729,0.9996738804377807,2.7655778035566016e-05,106
-0.004999999999999727,0.9997269242279234,3.066780654799547e-05,118
-0.002999999999999725,0.9998036472745523,3.320400936797335e-05,96
-0.0009999999999997233,0.9996796890927543,2.9319886765209848e-05,107
0.0010000000000002784,0.9997062047791074,2.7803149030597614e-05,98
0.0030000000000002802,0.9997430285741099,3.379941785562932e-05,103
0.005000000000000282,0.9997008831713513,2.71867309480694e-05,110
0.007000000000000284,0.9996639568808858,3.063991308274368e-05,104
0.009000000000000286,0.9997340603299848,2.7748640401344207e-05,107
0.011000000000000287,0.9996799461889889,2.9157063794360408e-05,114
0.013000000000000289,0.9997125279817525,2.3649814750422802e-05,97
0.015000000000000291,0.999680122286925,2.888411115298851e-05,111
0.017000000000000293,0.9997665170991437,2.6667189895565788e-05,113
0.019000000000000294,0.9997061431427909,3.890768784758157e-05,106
0.021000000000000296,0.9997834737105811,2.642908838396631e-05,100
0.023000000000000298,0.999620512735715,3.6421946683573095e-05,108
0.0250000000000003,0.9997541643298533,2.4680191862549002e-05,102
0.0270000000000003,0.9996920290743538,3.013800935442265e-05,115
0.029000000000000303,0.9997559489483204,2.5957560326689597e-05,108
0.031000000000000305,0.9996913070268221,3.453846140339952e-05,99
0.03300000000000031,0.9997413122325043,2.5231182081136782e-05,112
0.03500000000000031,0.9997062533297779,3.4145270274307776e-05,105
0.03700000000000031,0.9997135525875158,2.642043773341352e-05,108
0.03900000000000031,0.9997105625226244,3.765385249844848e-05,106
0.041000000000000314,0.9997588041358831,2.3974789785308318e-05,101
0.043000000000000316,0.9996957257436291,3.823792018087909e-05,102
0.04500000000000032,0.99975170739937,2.380767835375722e-05,110
0.04700000000000032,0.9997531138300761,3.1101215656355294e-05,101
0.04900000000000032,0.9997279322684391,2.4731531815544613e-05,116
0.05100000000000032,0.9997351678040838,3.3852393565575766e-05,112
0.053000000000000325,0.9997191629899009,2.3525038942220833e-05,103
0.055000000000000326,0.9997253727143884,2.933855026416264e-05,104
0.05700000000000033,0.9997256582719959,2.129122351366887e-05,117
0.05900000000000033,0.9997704086808983,3.9488010918882374e-05,99
0.06100000000000033,0.99974255401616,2.794318805128096e-05,100
0.06300000000000033,0.9998032384781482,3.331930053544374e-05,111
0.06500000000000034,0.9997903801451421,2.424780567797681e-05,105
0.06700000000000034,0.9998055338064737,2.5995638880323334e-05,108
0.06900000000000034,0.9997798180531803,2.49376823107529e-05,109
0.07100000000000034,0.9998048536414837,3.134570055803954e-05,101
0.07300000000000034,0.9997697726777119,2.4179645525983548e-05,106
0.07500000000000034,0.9998081659774226,3.1505728032302464e-05,107
0.07700000000000035,0.9997957688374085,2.5518006188421085e-05,109
0.07900000000000035,0.9998015399556861,3.018197673382288e-05,106
0.08100000000000035,0.9998038671845767,2.903588048806702e-05,111
0.08300000000000035,0.9998373028889679,3.0080216953860693e-05,90
0.08500000000000035,0.9998210450691902,2.5064842840393817e-05,106
0.08700000000000035,0.9998332199731519,2.423779599474383e-05,100
0.08900000000000036,0.9997957437927969,2.9624284080548042e-05,107
0.09100000000000036,0.9998494233329077,2.800906811577355e-05,109
0.09300000000000036,0.9998438583170239,2.840024786898971e-05,102
0.09500000000000036,0.9998041908519171,2.6012303978556594e-05,104
0.09700000000000036,0.9998483640907442,2.9774076842555597e-05,109
0.09900000000000037,0.9999051215069052,2.3716915973647376e-05,107
0.10100000000000037,0.9998035864802781,3.129518052911731e-05,109
0.10300000000000037,0.9998964130557377,2.3541345005419995e-05,114
0.10500000000000037,0.9998655308837561,3.174650780403996e-05,105
0.10700000000000037,0.9999063288045216,2.5752750790529207e-05,105
0.10900000000000037,0.9998939370405406,2.5581337681379893e-05,111
0.11100000000000038,0.9999228376215857,2.4350184037928827e-05,105
0.11300000000000038,0.9999287887383891,3.189644413630297e-05,109
0.11500000000000038,0.9999250775065147,2.0814784536900086e-05,102
0.11700000000000038,0.9998677066648523,2.6993001304378267e-05,111
0.11900000000000038,0.9999509619473584,2.0839492582835467e-05,109
0.12100000000000039,0.9998672745559501,3.0051027189806546e-05,109
0.12300000000000039,0.9999881933650829,2.5575481012261138e-05,97
0.1250000000000004,0.9999374495674963,2.7716952700886687e-05,108
0.1270000000000004,0.999947256344294,2.335484328015165e-05,106
0.1290000000000004,0.9998977800662244,2.9433016704206514e-05,103
0.1310000000000004,0.9999813686199299,2.0604731437312642e-05,118
0.1330000000000004,0.9999458177029614,3.0685035552513395e-05,105
0.1350000000000004,0.999962368869779,2.4867524056053745e-05,100
0.1370000000000004,0.9999386152708809,2.6930307720425995e-05,112
0.1390000000000004,0.9999874682846542,1.9095770055973132e-05,104
0.1410000000000004,0.9999299944536242,3.1156786770285645e-05,104
0.1430000000000004,0.9999901386006496,2.5838820029586002e-05,103
0.1450000000000004,0.9999697887674422,3.540588238579041e-05,99
0.1470000000000004,0.9999847265757896,1.9742355756212776e-05,105
0.1490000000000004,1.0000066040572888,2.460696792984149e-05,107
0.1510000000000004,0.999981745806097,2.2474274366353284e-05,106
0.1530000000000004,0.9999966060097552,2.9931937313290028e-05,113
0.15500000000000042,1.0000167308514207,2.0240487208183038e-05,110
0.15700000000000042,0.9999727751190428,3.188462626862673e-05,100
0.15900000000000042,1.0000005895246553,2.2285796410761135e-05,106
0.16100000000000042,1.0000308511825344,2.659542876244751e-05,108
0.16300000000000042,0.9999671667107936,2.774113871276755e-05,102
0.16500000000000042,1.0000334429253683,2.2818699112193013e-05,101
0.16700000000000043,1.0000319681165795,2.24101664649521e-05,110
0.16900000000000043,1.0000222512744288,2.742207840005916e-05,103
0.17100000000000043,1.0000321956817273,2.1883864401396507e-05,110
0.17300000000000043,1.000000966447408,2.9150485409687906e-05,107
0.17500000000000043,1.0000514101212088,2.207432869271759e-05,108
0.17700000000000043,1.0000200876970418,2.6950847652853326e-05,114
0.17900000000000044,1.000008644722093,2.7973856024501275e-05,101
0.18100000000000044,1.0000346392394754,2.723366779880751e-05,106
0.18300000000000044,1.0000131302902433,2.5917115441387846e-05,113
0.18500000000000044,1.0000360992733774,2.4589570742127873e-05,96
0.18700000000000044,1.0000649251743927,3.0314611861333197e-05,103
0.18900000000000045,1.000069848713227,2.3398435776951676e-05,111
0.19100000000000045,1.0000086108849429,2.6595198443867365e-05,106
0.19300000000000045,1.00007398708137,2.475743176602039e-05,112
0.19500000000000045,1.0000382608996339,2.579906860201557e-05,109
0.19700000000000045,1.0000832759596003,2.2256280202670597e-05,101
0.19900000000000045,1.0000691875564267,2.974036527328568e-05,111
0.20100000000000046,1.0000534692561514,2.02094796026842e-05,101
0.20300000000000046,1.000037034335123,2.4707049294645103e-05,102
0.20500000000000046,1.000101932854135,1.9276663267652633e-05,100
0.20700000000000046,1.0000615660707863,3.390022709478401e-05,95
0.20900000000000046,1.0000889211449306,1.996957542928206e-05,104
0.21100000000000046,1.0000560570455057,2.961512936329583e-05,109
0.21300000000000047,1.0001020982654731,2.51427977803053e-05,109
0.21500000000000047,1.0000655352777974,2.541687237539003e-05,110
0.21700000000000047,1.0000669085140774,2.1440760910498253e-05,108
0.21900000000000047,1.0000673434523542,3.001554306555241e-05,107
0.22100000000000047,1.000075774975784,1.8315664967074243e-05,99
0.22300000000000048,1.0000242504296746,2.773226520011905e-05,112
0.22500000000000048,1.0001221375481375,1.9158276073572825e-05,92
0.22700000000000048,1.0000836723718631,2.7485173579026033e-05,101
0.22900000000000048,1.0001223168200772,2.4227013015292075e-05,107
0.23100000000000048,1.0000489788794553,2.8756746651011744e-05,107
0.23300000000000048,1.000111810069178,2.282368623244965e-05,114
0.2350000000000005,1.000081824126094,3.084510241282469e-05,113
0.2370000000000005,1.0000884412222444,1.8930396992623603e-05,102
0.2390000000000005,1.000083096398231,2.8659337787567012e-05,110
0.2410000000000005,1.00006971534728,2.702141391296846e-05,111
0.2430000000000005,1.0000768319342377,2.7628821227860075e-05,96
0.2450000000000005,1.0001012633155,2.1774983197719002e-05,100
0.2470000000000005,1.000128905600896,3.340190419033022e-05,95
0.2490000000000005,1.0000934136233486,2.1926468414533045e-05,103
0.2510000000000005,1.0001123570569395,2.7962474341447947e-05,111
0.2530000000000005,1.0001482598331612,2.3485682512226087e-05,110
0.2550000000000005,1.0000920907728155,2.8330758044614098e-05,108
0.2570000000000005,1.0001159343508472,1.9903346583681085e-05,103
0.2590000000000005,1.0001127675775547,2.8081859462685494e-05,100
0.2610000000000005,1.0000890892087195,2.808384740167141e-05,104
0.2630000000000005,1.0001308796198225,2.5967428097441266e-05,106
0.2650000000000005,1.000111800332788,2.246661153534016e-05,98
0.2670000000000005,1.0001111644613365,2.76965592709579e-05,102
0.2690000000000005,1.0000844194466119,2.7227435954586208e-05,114
0.2710000000000005,1.0001255348233942,2.8064781793517183e-05,106
0.2730000000000005,1.0000927083077242,2.4872302187450188e-05,106
0.2750000000000005,1.0001449846405601,2.457402951189984e-05,113
0.2770000000000005,1.0001139995786426,2.7161425631907018e-05,105
0.2790000000000005,1.0001097016518623,2.689005195624769e-05,106
0.2810000000000005,1.0001176768748805,3.0233297692005216e-05,109
0.28300000000000053,1.0001157928853672,2.1243041555809822e-05,100
0.28500000000000053,1.0000669814469603,2.7037990048108548e-05,111
0.28700000000000053,1.0001688245008884,2.155102473088892e-05,98
0.28900000000000053,1.0001189620087974,2.9761492043359702e-05,102
0.29100000000000054,1.0001479475348982,2.4608992783285108e-05,105
0.29300000000000054,1.0001167409245075,2.5671302416708363e-05,111
0.29500000000000054,1.000110602548565,2.388237184374725e-05,105
0.29700000000000054,1.0001230520122244,2.6861132972505005e-05,115
0.29900000000000054,1.0001544261569326,2.2418756267778535e-05,103
