phase_days,observed_flux,model_flux,residuals
-0.299,1.0001357339566952,1.0,0.00013573395669519428
-0.297,0.9999343190850714,1.0,-6.568091492864525e-05
-0.295,1.000019591601799,1.0,1.9591601799096026e-05
-0.293,0.9999905508822693,1.0,-9.449117730708778e-06
-0.291,1.0003426913909848,1.0,0.00034269139098475065
-0.289,0.9999943633482923,1.0,-5.636651707718876e-06
-0.287,1.0001195907812845,1.0,0.00011959078128453982
-0.285,1.0000046338081061,1.0,4.6338081061136904e-06
-0.283,1.0001281354969296,1.0,0.00012813549692958226
-0.28099999999999997,1.0000250942329683,1.0,2.5094232968259078e-05
-0.27899999999999997,0.9999779876195466,1.0,-2.20123804534067e-05
-0.27699999999999997,1.000075993204842,1.0,7.599320484197314e-05
-0.27499999999999997,1.0001056759382732,1.0,0.00010567593827315314
-0.27299999999999996,1.0000311072456187,1.0,3.1107245618722246e-05
-0.27099999999999996,0.9998927633125436,1.0,-0.00010723668745638015
-0.26899999999999996,1.0000494865832534,1.0,4.9486583253433025e-05
-0.26699999999999996,0.9998633528208902,1.0,-0.0001366471791097723
-0.26499999999999996,1.000013810584224,1.0,1.3810584224005495e-05
-0.26299999999999996,1.0000601376690528,1.0,6.013766905277329e-05
-0.26099999999999995,1.0000259990560016,1.0,2.5999056001646537e-05
-0.25899999999999995,0.9999834643765652,1.0,-1.6535623434843494e-05
-0.25699999999999995,0.999982197278984,1.0,-1.780272101603586e-05
-0.25499999999999995,1.0001202635616506,1.0,0.00012026356165062424
-0.25299999999999995,1.0000826721204021,1.0,8.267212040213856e-05
-0.25099999999999995,1.0001684730194582,1.0,0.00016847301945821513
-0.24899999999999994,0.9999304208818719,1.0,-6.957911812810469e-05
-0.24699999999999994,1.0000539311663388,1.0,5.393116633878314e-05
-0.24499999999999994,1.0000075318417498,1.0,7.531841749841561e-06
-0.24299999999999994,1.0001148952747796,1.0,0.00011489527477959172
-0.24099999999999994,0.9999732622581503,1.0,-2.6737741849691687e-05
-0.23899999999999993,1.000002179545481,1.0,2.179545480984757e-06
-0.23699999999999993,0.9999253444843805,1.0,-7.465551561947059e-05
-0.23499999999999993,0.99994874590284,1.0,-5.125409716000284e-05
-0.23299999999999993,1.0001871078467008,1.0,0.00018710784670084024
-0.23099999999999993,0.9999506187520237,1.0,-4.938124797626564e-05
-0.22899999999999993,1.0001765250072019,1.0,0.00017652500720188868
-0.22699999999999992,1.00000063943962,1.0,6.394396199205232e-07
-0.22499999999999992,1.000036567647486,1.0,3.6567647486052124e-05
-0.22299999999999992,1.000027921752176,1.0,2.7921752175918968e-05
-0.22099999999999992,1.000152212604137,1.0,0.00015221260413689208
-0.21899999999999992,1.000082642532814,1.0,8.264253281398126e-05
-0.21699999999999992,0.9998605825264443,1.0,-0.0001394174735557252
-0.2149999999999999,1.0000103886923786,1.0,1.0388692378571207e-05
-0.2129999999999999,1.000055590868002,1.0,5.559086800199786e-05
-0.2109999999999999,0.9999972193744144,1.0,-2.7806255855633566e-06
-0.2089999999999999,0.9998769627660773,1.0,-0.00012303723392270705
-0.2069999999999999,0.9999944528674575,1.0,-5.5471325425271445e-06
-0.2049999999999999,1.000087277914005,1.0,8.727791400509055e-05
-0.2029999999999999,1.0000149139404988,1.0,1.4913940498795242e-05
-0.2009999999999999,1.0001118571058871,1.0,0.00011185710588712539
-0.1989999999999999,0.9999699274694305,1.0,-3.0072530569524858e-05
-0.1969999999999999,1.000037501728449,1.0,3.750172844907418e-05
-0.1949999999999999,0.9999190390308372,1.0,-8.096096916276885e-05
-0.1929999999999999,0.9999120102976694,1.0,-8.798970233059311e-05
-0.1909999999999999,0.999878042933859,1.0,-0.00012195706614104296
-0.1889999999999999,0.9998920456907192,1.0,-0.00010795430928078886
-0.1869999999999999,0.9999996289394295,1.0,-3.7106057049207664e-07
-0.1849999999999999,1.0000256284610183,1.0,2.562846101827887e-05
-0.18299999999999988,1.0001301836968541,1.0,0.0001301836968541359
-0.18099999999999988,0.9999992080701714,1.0,-7.919298286029886e-07
-0.17899999999999988,1.000125538393846,1.0,0.000125538393846103
-0.17699999999999988,0.9998807143582359,1.0,-0.00011928564176411083
-0.17499999999999988,0.9999199523913567,1.0,-8.004760864332994e-05
-0.17299999999999988,0.9998941478795164,1.0,-0.00010585212048364046
-0.17099999999999987,0.9999570216391589,1.0,-4.297836084110607e-05
-0.16899999999999987,0.9998567652242882,1.0,-0.00014323477571176468
-0.16699999999999987,0.9999579541832513,1.0,-4.204581674871477e-05
-0.16499999999999987,0.9999574833300546,1.0,-4.25166699453694e-05
-0.16299999999999987,0.9999954071044221,1.0,-4.592895577859579e-06
-0.16099999999999987,1.000007447489649,1.0,7.4474896489817866e-06
-0.15899999999999986,1.0000985709467383,1.0,9.857094673826339e-05
-0.15699999999999986,1.0000508418621097,1.0,5.084186210968511e-05
-0.15499999999999986,0.9999243778557285,1.0,-7.562214427148106e-05
-0.15299999999999986,1.0000101065291702,1.0,1.0106529170217371e-05
-0.15099999999999986,0.9997793520881499,1.0,-0.00022064791185005816
-0.14899999999999985,1.000027352190222,1.0,2.735219022209634e-05
-0.14699999999999985,1.0000094453727202,1.0,9.445372720184864e-06
-0.14499999999999985,1.000010279337722,1.0,1.0279337721907922e-05
-0.14299999999999985,1.00026836317726,1.0,0.00026836317725997816
-0.14099999999999985,1.0000663288880804,1.0,6.63288880804469e-05
-0.13899999999999985,1.0001195348908167,1.0,0.00011953489081673041
-0.13699999999999984,1.0001143394873266,1.0,0.00011433948732664234
-0.13499999999999984,0.9999211278123801,1.0,-7.88721876199272e-05
-0.13299999999999984,1.0000379259108918,1.0,3.792591089180064e-05
-0.13099999999999984,0.999967164927051,1.0,-3.283507294904453e-05
-0.12899999999999984,1.000012409752597,1.0,1.2409752597086765e-05
-0.12699999999999984,1.0000882168975849,1.0,8.821689758486961e-05
-0.12499999999999983,0.9999651036254759,1.0,-3.4896374524140406e-05
-0.12299999999999983,0.9999445011259429,1.0,-5.549887405709164e-05
-0.12099999999999983,0.9999513910652622,1.0,-4.860893473779271e-05
-0.11899999999999983,1.0000284020106416,1.0,2.8402010641581654e-05
-0.11699999999999983,1.0000866085717195,1.0,8.66085717194931e-05
-0.11499999999999982,0.999993396137548,1.0,-6.603862451992626e-06
-0.11299999999999982,1.000070274529248,1.0,7.027452924801558e-05
-0.11099999999999982,1.0001319526190655,1.0,0.0001319526190655118
-0.10899999999999982,1.0001807256026916,1.0,0.00018072560269155602
-0.10699999999999982,0.9999204652988842,1.0,-7.953470111576877e-05
-0.10499999999999982,1.000018025434949,1.0,1.8025434949109354e-05
-0.10299999999999981,0.9999980069000717,1.0,-1.993099928321307e-06
-0.10099999999999981,1.0002707621297826,1.0,0.00027076212978260905
-0.09899999999999981,1.0000495696565808,1.0,4.956965658076129e-05
-0.09699999999999981,1.0000769408437937,1.0,7.69408437937269e-05
-0.0949999999999998,1.0002334640170305,1.0,0.00023346401703050468
-0.0929999999999998,1.0000148424228208,1.0,1.4842422820793288e-05
-0.0909999999999998,1.0000357858887314,1.0,3.578588873143218e-05
-0.0889999999999998,1.0000666427336498,1.0,6.66427336497577e-05
-0.0869999999999998,1.0001164363149517,1.0,0.0001164363149517289
-0.0849999999999998,0.9999649857558846,1.0,-3.5014244115449955e-05
-0.0829999999999998,1.000046085041952,1.0,4.608504195191543e-05
-0.0809999999999998,1.0000523015979756,1.0,5.230159797564582e-05
-0.07899999999999979,0.9999647841134005,1.0,-3.5215886599493373e-05
-0.07699999999999979,1.0000073611055096,1.0,7.361105509584576e-06
-0.07499999999999979,0.9998990619102625,1.0,-0.00010093808973754559
-0.07299999999999979,0.9999996289394295,1.0,-3.7106057049207664e-07
-0.07099999999999979,1.0001526661639177,1.0,0.00015266616391773624
-0.06899999999999978,0.9999925215909149,1.0,-7.478409085104332e-06
-0.06699999999999978,1.000065826761603,1.0,6.582676160293843e-05
-0.06499999999999978,1.0000583744059637,1.0,5.8374405963679266e-05
-0.06299999999999978,1.0000720013400048,1.0,7.200134000484582e-05
-0.06099999999999978,1.0000089711450009,1.0,8.97114500086893e-06
-0.058999999999999775,0.9999932398283021,1.0,-6.7601716978726856e-06
-0.05699999999999977,0.9999355772626091,1.0,-6.442273739093451e-05
-0.05499999999999977,0.9999814254263784,1.0,-1.857457362164361e-05
-0.05299999999999977,0.9999641142705215,1.0,-3.58857294785464e-05
-0.05099999999999977,0.9999345774288327,1.0,-6.54225711672618e-05
-0.048999999999999766,0.9998773128211068,1.0,-0.00012268717889318825
-0.046999999999999764,0.9998634185926878,1.0,-0.00013658140731220847
-0.04499999999999976,1.000029666989966,1.0,2.9666989965981827e-05
-0.04299999999999976,0.9997814453239652,1.0,-0.00021855467603482115
-0.04099999999999976,1.0001836696591193,1.0,0.0001836696591193121
-0.03899999999999976,0.9998918532214436,1.0,-0.00010814677855641719
-0.036999999999999755,1.0000082463904707,1.0,8.24639047070086e-06
-0.034999999999999754,0.9998970483215265,1.0,-0.00010295167847351738
-0.03299999999999975,0.9997346838437594,1.0,-0.00026531615624059146
-0.03099999999999975,0.9999693685419166,1.0,-3.0631458083352214e-05
-0.028999999999999748,0.9998449225365743,1.0,-0.00015507746342569018
-0.026999999999999746,0.999776212678855,0.999776868229788,-6.555509329819742e-07
-0.024999999999999745,0.9998038358270724,0.9997375024407662,6.633338630623875e-05
-0.022999999999999743,0.9997889455127301,0.999733321972736,5.562353999410963e-05
-0.02099999999999974,0.999832123241708,0.9997303676117044,0.000101755630003586
-0.01899999999999974,0.9996733569772214,0.9997281293190285,-5.4772341807174385e-05
-0.016999999999999738,0.9996687444372846,0.9997264007589357,-5.7656321651111675e-05
-0.014999999999999736,0.9996640781674417,0.9997250752101481,-6.099704270634554e-05
-0.012999999999999734,0.9996579961576354,0.9997240906949443,-6.60945373088806e-05
-0.010999999999999732,0.9997437820395475,0.9997234093874859,2.0372652061562135e-05
-0.00899999999999973,0.9997655513467767,0.9997230084248964,4.25429218803286e-05
-0.006999999999999729,0.9996753120727362,0.9997228754568217,-4.756338408551386e-05
-0.004999999999999727,0.9995221528514799,0.9997230065557449,-0.000200853704264925
-0.002999999999999725,0.9996902688334575,0.9997234055934052,-3.313675994776055e-05
-0.0009999999999997233,0.9997680349786533,0.999724084855395,4.395012325830727e-05
0.0010000000000002784,0.9997366574628731,0.9997250671184184,1.159034445474827e-05
0.0030000000000002802,0.9996539095851473,0.9997263900783266,-7.24804931793166e-05
0.005000000000000282,0.9998556155668314,0.9997281154904057,0.00012750007642570171
0.007000000000000284,0.9999649358765758,0.9997303496341419,0.00023458624243388737
0.009000000000000286,0.9996821060132157,0.9997332977570752,-5.119174385948e-05
0.011000000000000287,0.9996877948760359,0.9997374658905791,-4.9671014543228864e-05
0.013000000000000289,0.9997715581223281,0.9997719853587659,-4.272364377833071e-07
0.015000000000000291,0.9999905189267502,1.0,-9.481073249828498e-06
0.017000000000000293,0.9997333689977662,1.0,-0.0002666310022337859
0.019000000000000294,1.0000121461022184,1.0,1.2146102218446586e-05
0.021000000000000296,0.9996837838391982,1.0,-0.0003162161608017966
0.023000000000000298,0.9999496328893885,1.0,-5.036711061146004e-05
0.0250000000000003,0.9998869857866197,1.0,-0.00011301421338028028
0.0270000000000003,0.9997704704221881,1.0,-0.00022952957781186
0.029000000000000303,0.9999513288715637,1.0,-4.867112843631727e-05
0.031000000000000305,0.9999318771461259,1.0,-6.812285387414185e-05
0.03300000000000031,0.9999423746033602,1.0,-5.762539663978217e-05
0.03500000000000031,1.0000130772763356,1.0,1.3077276335593524e-05
0.03700000000000031,0.9999628973708288,1.0,-3.71026291712262e-05
0.03900000000000031,0.9999097013781328,1.0,-9.029862186715754e-05
0.041000000000000314,1.0000300923867291,1.0,3.0092386729130283e-05
0.043000000000000316,1.0000731077317322,1.0,7.310773173219154e-05
0.04500000000000032,1.000090983074305,1.0,9.098307430499553e-05
0.04700000000000032,0.9999674123123282,1.0,-3.258768767178122e-05
0.04900000000000032,1.0000338999435512,1.0,3.389994355118553e-05
0.05100000000000032,0.9999079079133559,1.0,-9.209208664406887e-05
0.053000000000000325,0.9999955240997181,1.0,-4.4759002818528515e-06
0.055000000000000326,0.9998858211304736,1.0,-0.00011417886952636014
0.05700000000000033,1.00009673698598,1.0,9.6736985979895e-05
0.05900000000000033,0.9998984482279927,1.0,-0.00010155177200732446
0.06100000000000033,1.0001426157740476,1.0,0.00014261577404761638
0.06300000000000033,1.0000713178416534,1.0,7.131784165337329e-05
0.06500000000000034,1.000123522174667,1.0,0.0001235221746669346
0.06700000000000034,0.9999169983516794,1.0,-8.300164832064638e-05
0.06900000000000034,1.0000043569238162,1.0,4.356923816173364e-06
0.07100000000000034,0.9998922652803599,1.0,-0.00010773471964009573
0.07300000000000034,0.9999664164942003,1.0,-3.358350579973912e-05
0.07500000000000034,1.0001925354774652,1.0,0.0001925354774652277
0.07700000000000035,0.9999058116289603,1.0,-9.418837103969402e-05
0.07900000000000035,1.0000609857141933,1.0,6.098571419332899e-05
0.08100000000000035,1.000025187197515,1.0,2.5187197514986437e-05
0.08300000000000035,0.9998763538345529,1.0,-0.00012364616544713325
0.08500000000000035,1.0000628982390145,1.0,6.28982390145083e-05
0.08700000000000035,1.0000313633511082,1.0,3.136335110820454e-05
0.08900000000000036,0.9999287042694831,1.0,-7.129573051689597e-05
0.09100000000000036,0.999903837321461,1.0,-9.616267853895799e-05
0.09300000000000036,1.000081675749601,1.0,8.167574960094015e-05
0.09500000000000036,1.0000368755630002,1.0,3.68755630002493e-05
0.09700000000000036,0.9999140375444547,1.0,-8.596245554526316e-05
0.09900000000000037,0.999995968973682,1.0,-4.03102631796326e-06
0.10100000000000037,0.9999943542108571,1.0,-5.645789142860735e-06
0.10300000000000037,1.0000458742784506,1.0,4.587427845059722e-05
0.10500000000000037,1.0000365619311053,1.0,3.656193110535e-05
0.10700000000000037,1.0001235707619767,1.0,0.00012357076197666572
0.10900000000000037,1.0000231583896984,1.0,2.3158389698352266e-05
0.11100000000000038,0.9999579323603037,1.0,-4.206763969627492e-05
0.11300000000000038,0.999972221482681,1.0,-2.7778517319054785e-05
0.11500000000000038,1.0000932795220938,1.0,9.32795220938143e-05
0.11700000000000038,0.9999734661791074,1.0,-2.653382089257139e-05
0.11900000000000038,0.9999469814940569,1.0,-5.3018505943080996e-05
0.12100000000000039,0.9999225966616895,1.0,-7.740333831052215e-05
0.12300000000000039,1.0001377383380645,1.0,0.00013773833806451918
0.1250000000000004,1.0000649152951961,1.0,6.491529519614403e-05
0.1270000000000004,0.999921592711206,1.0,-7.840728879404679e-05
0.1290000000000004,1.0000312899525836,1.0,3.1289952583613e-05
0.1310000000000004,1.000164065160598,1.0,0.0001640651605980814
0.1330000000000004,1.0000433171866763,1.0,4.331718667627271e-05
0.1350000000000004,0.9999941967545499,1.0,-5.8032454500756e-06
0.1370000000000004,1.0000316591059106,1.0,3.1659105910630814e-05
0.1390000000000004,0.9999952504246974,1.0,-4.749575302609443e-06
0.1410000000000004,1.0000074758757291,1.0,7.475875729134884e-06
0.1430000000000004,0.999824857043878,1.0,-0.0001751429561219764
0.1450000000000004,1.000115775212962,1.0,0.00011577521296191051
0.1470000000000004,1.0002883280546049,1.0,0.00028832805460488053
0.1490000000000004,0.9999675172319549,1.0,-3.248276804512784e-05
0.1510000000000004,0.9998524254124779,1.0,-0.0001475745875221257
0.1530000000000004,0.9999704635785868,1.0,-2.9536421413234315e-05
0.15500000000000042,1.0002230852105922,1.0,0.00022308521059222208
0.15700000000000042,0.9999879516569748,1.0,-1.2048343025150565e-05
0.15900000000000042,1.0000549056580652,1.0,5.490565806520742e-05
0.16100000000000042,0.9999503416939148,1.0,-4.9658306085165194e-05
0.16300000000000042,1.000058832552199,1.0,5.883255219907291e-05
0.16500000000000042,1.0001924621551797,1.0,0.00019246215517965126
0.16700000000000043,1.0000615340700176,1.0,6.153407001763256e-05
0.16900000000000043,1.0000933081338539,1.0,9.330813385388659e-05
0.17100000000000043,0.9999114026896248,1.0,-8.85973103752491e-05
0.17300000000000043,1.0001297064202568,1.0,0.00012970642025678103
0.17500000000000043,1.0000517659826471,1.0,5.176598264711174e-05
0.17700000000000043,1.0000146939985926,1.0,1.4693998592552049e-05
0.17900000000000044,1.0001586977362589,1.0,0.00015869773625887262
0.18100000000000044,0.9999880982934414,1.0,-1.1901706558625769e-05
0.18300000000000044,1.0000550982133454,1.0,5.509821334537257e-05
0.18500000000000044,1.000057596869046,1.0,5.7596869045939414e-05
0.18700000000000044,1.0000147266567907,1.0,1.4726656790697845e-05
0.18900000000000045,0.9998832172308721,1.0,-0.00011678276912785446
0.19100000000000045,1.0001558987136971,1.0,0.00015589871369714459
0.19300000000000045,0.9999086480358579,1.0,-9.135196414211677e-05
0.19500000000000045,1.0000284715364622,1.0,2.847153646223788e-05
0.19700000000000045,1.0000843886989088,1.0,8.438869890881051e-05
0.19900000000000045,0.9998950160529867,1.0,-0.00010498394701330405
0.20100000000000046,1.000071558043508,1.0,7.15580435080021e-05
0.20300000000000046,1.0000223545343516,1.0,2.2354534351620714e-05
0.20500000000000046,0.9998875450896674,1.0,-0.00011245491033262667
0.20700000000000046,1.000069732578687,1.0,6.973257868692073e-05
0.20900000000000046,1.0000437107372326,1.0,4.371073723263841e-05
0.21100000000000046,1.0000408673968986,1.0,4.086739689856955e-05
0.21300000000000047,1.0001571803000178,1.0,0.0001571803000177674
0.21500000000000047,1.000047358049035,1.0,4.735804903499563e-05
0.21700000000000047,1.0000148371636248,1.0,1.4837163624825678e-05
0.21900000000000047,0.99999941574368,1.0,-5.842563199909279e-07
0.22100000000000047,1.0001258621781983,1.0,0.00012586217819832157
0.22300000000000048,1.0001153345186202,1.0,0.00011533451862022481
0.22500000000000048,0.9999833455093908,1.0,-1.6654490609169237e-05
0.22700000000000048,0.9999990496768141,1.0,-9.503231859220307e-07
0.22900000000000048,0.9999774304577225,1.0,-2.2569542277528498e-05
0.23100000000000048,0.9999928615872145,1.0,-7.1384127855456114e-06
0.23300000000000048,1.000002854062011,1.0,2.8540620109485104e-06
0.2350000000000005,0.9999647908058905,1.0,-3.520919410948675e-05
0.2370000000000005,1.0001751189122676,1.0,0.00017511891226762444
0.2390000000000005,1.0000567823334916,1.0,5.678233349160067e-05
0.2410000000000005,0.999799656139184,1.0,-0.0002003438608160213
0.2430000000000005,1.0000579180548534,1.0,5.7918054853445256e-05
0.2450000000000005,0.9997758641109737,1.0,-0.0002241358890262557
0.2470000000000005,1.0000035863024501,1.0,3.586302450120371e-06
0.2490000000000005,1.000074076216261,1.0,7.407621626098759e-05
0.2510000000000005,1.0000713948599942,1.0,7.139485999418937e-05
0.2530000000000005,1.0001483221439658,1.0,0.00014832214396576227
0.2550000000000005,0.9999553406674156,1.0,-4.46593325843514e-05
0.2570000000000005,1.0000002628326552,1.0,2.628326551956661e-07
0.2590000000000005,1.0000947462060634,1.0,9.474620606342299e-05
0.2610000000000005,0.9999458911974015,1.0,-5.410880259848483e-05
0.2630000000000005,1.0000574061529386,1.0,5.7406152938588306e-05
0.2650000000000005,0.999993738306587,1.0,-6.26169341300109e-06
0.2670000000000005,1.0000855924416108,1.0,8.559244161077117e-05
0.2690000000000005,0.9999864966069488,1.0,-1.3503393051172985e-05
0.2710000000000005,1.0001420961312522,1.0,0.00014209613125215625
0.2730000000000005,0.9999064654644951,1.0,-9.35345355048689e-05
0.2750000000000005,1.000069824023029,1.0,6.982402302901924e-05
0.2770000000000005,1.0000846868371438,1.0,8.468683714379921e-05
0.2790000000000005,1.0000336812342379,1.0,3.368123423785896e-05
0.2810000000000005,0.9999348608287524,1.0,-6.513917124761903e-05
0.28300000000000053,1.0,1.0,0.0
0.28500000000000053,1.0000252021076304,1.0,2.5202107630351023e-05
0.28700000000000053,1.0000194683985062,1.0,1.9468398506194973e-05
0.28900000000000053,1.0002161882570433,1.0,0.0002161882570432816
0.29100000000000054,0.9999683314050967,1.0,-3.1668594903333513e-05
0.29300000000000054,0.9999582560043554,1.0,-4.174399564460529e-05
0.29500000000000054,0.9998235197014445,1.0,-0.00017648029855554803
0.29700000000000054,0.9998907997432627,1.0,-0.00010920025673732958
0.29900000000000054,1.0000938919307678,1.0,9.389193076780877e-05
